연번,시설물명,인증대상,인증구분,등급,인증번호,지역코드,시군구,인증발급일,인증만료일,사업장구분,인증만료(취소)여부
1,성모의지,건축물,예비,최우수,360,대구광역시,동구,2014-08-22,본인증 교부 전 또는 사용승인 후 1년 이내,민간,
2,위앤미㈜ 감귤가공공장,건축물,예비,우수,373,제주특별자치도,서귀포시,2014-10-13,본인증 교부 전 또는 사용승인 후 1년 이내,민간,
3,지에스피㈜,건축물,예비,우수,395,경기도,안양시,2014-12-12,본인증 교부 전 또는 사용승인 후 1년 이내,민간,
4,㈜삼구팔구,건축물,예비,우수,396,광주광역시,광산구,2014-12-12,본인증 교부 전 또는 사용승인 후 1년 이내,민간,
5,㈜대동소방,건축물,예비,우수,403,경기도,김포시,2014-12-29,본인증 교부 전 또는 사용승인 후 1년 이내,민간,
6,㈜내일식품 음성공장,건축물,예비,우수,404,충청북도,음성군,2014-12-29,본인증 교부 전 또는 사용승인 후 1년 이내,민간,
7,(가칭)THE VERSI(벗이) 미술관,건축물,예비,우수,440,경기도,용인시,2015-05-06,본인증 교부 전 또는 사용승인 후 1년 이내,민간,
8,성모의지,건축물,본,최우수,176,대구광역시,동구,2015-07-01,2020-06-30,민간,만료
9,(사)화순사랑,건축물,예비,우수,465,전라남도,화순군,2015-07-31,본인증 교부 전 또는 사용승인 후 1년 이내,민간,
10,㈜유진택시,건축물,예비,우수,470,대전광역시,서구,2015-09-03,본인증 교부 전 또는 사용승인 후 1년 이내,민간,
11,㈜나누리 예산공장,건축물,예비,우수,471,충청남도,예산군,2015-09-03,본인증 교부 전 또는 사용승인 후 1년 이내,민간,
12,자양 공공힐링센터,건축물,예비,우수,488,서울특별시,광진구,2015-10-15,본인증 교부 전 또는 사용승인 후 1년 이내,공공,
13,3-3생활권 복합커뮤니티센터,건축물,예비,우수,491,세종특별자치시,소담동,2015-10-21,본인증 교부 전 또는 사용승인 후 1년 이내,공공,
14,㈜삼구팔구,건축물,본,우수,206,광주광역시,광산구,2015-10-28,2020-10-27,민간,취소
15,(사)화순사랑,건축물,본,우수,208,전라남도,화순군,2015-12-01,2020-11-30,민간,취소
16,(가칭)동희학교,건축물,예비,우수,519,인천광역시,남동구,2015-12-22,본인증 교부 전 또는 사용승인 후 1년 이내,공공,
17,아트 뮤지엄 벗이,건축물,본,우수,216,경기도,용인시,2015-12-28,2020-12-27,민간,만료
18,㈜내일식품 음성공장,건축물,본,우수,217,충청북도,음성군,2015-12-30,2020-12-29,민간,만료
19,반송3동 경로당,건축물,예비,우수,563,부산광역시,해운대구,2016-02-25,본인증 교부 전 또는 사용승인 후 1년 이내,공공,
20,반송 놀이센터,건축물,예비,우수,564,부산광역시,해운대구,2016-02-25,본인증 교부 전 또는 사용승인 후 1년 이내,공공,
21,부평6동 주민센터,건축물,예비,우수,565,인천광역시,부평구,2016-02-25,본인증 교부 전 또는 사용승인 후 1년 이내,공공,
22,(가칭)역세3초등학교,건축물,예비,우수,566,경기도,광명시,2016-02-25,본인증 교부 전 또는 사용승인 후 1년 이내,공공,
23,조동8리 경로당,건축물,예비,우수,573,강원도,정선군,2016-03-11,본인증 교부 전 또는 사용승인 후 1년 이내,공공,
24,기형도 문학관,건축물,예비,우수,574,경기도,광명시,2016-03-11,본인증 교부 전 또는 사용승인 후 1년 이내,공공,
25,반구공영주차장,건축물,예비,우수,584,울산광역시,중구,2016-03-17,본인증 교부 전 또는 사용승인 후 1년 이내,공공,
26,(가칭)천안불무유치원,건축물,예비,우수,585,충청남도,천안시,2016-03-17,본인증 교부 전 또는 사용승인 후 1년 이내,공공,
27,경기서부융복합지원센터,건축물,예비,우수,586,경기도,시흥시,2016-03-17,본인증 교부 전 또는 사용승인 후 1년 이내,공공,
28,"평택시농업체험장(방문자센터, 관리창고동, 화장실 1, 화장실 2)",건축물,예비,우수,599,경기도,평택시,2016-03-30,본인증 교부 전 또는 사용승인 후 1년 이내,공공,
29,중왕리 선착장 공중화장실,건축물,예비,우수,600,충청남도,서산시,2016-03-30,본인증 교부 전 또는 사용승인 후 1년 이내,공공,
30,명월공원 공중화장실,건축물,예비,우수,601,인천광역시,부평구,2016-03-30,본인증 교부 전 또는 사용승인 후 1년 이내,공공,
31,봉산동 주민센터,건축물,예비,우수,629,강원도,원주시,2016-04-20,본인증 교부 전 또는 사용승인 후 1년 이내,공공,
32,성골롬반복지재단 직업훈련소,건축물,예비,우수,630,전라남도,목포시,2016-04-20,본인증 교부 전 또는 사용승인 후 1년 이내,민간,
33,"(주)백양실업(사무동, 다목적강당, 식당·기숙사)",건축물,예비,우수,649,전라남도,장성군,2016-05-10,본인증 교부 전 또는 사용승인 후 1년 이내,민간,
34,점동도서관,건축물,예비,우수,650,경기도,여주시,2016-05-10,본인증 교부 전 또는 사용승인 후 1년 이내,공공,
35,송정동 주민센터,건축물,예비,일반,651,경상북도,구미시,2016-05-10,본인증 교부 전 또는 사용승인 후 1년 이내,공공,
36,향남읍 도이리 캠핑장,건축물,예비,우수,652,경기도,화성시,2016-05-10,본인증 교부 전 또는 사용승인 후 1년 이내,공공,
37,진잠건강생활지원센터,건축물,예비,우수,683,대전광역시,유성구,2016-06-01,본인증 교부 전 또는 사용승인 후 1년 이내,공공,
38,나라키움 중부세무서,건축물,예비,우수,684,서울특별시,중구,2016-06-01,본인증 교부 전 또는 사용승인 후 1년 이내,공공,
39,구미인동우체국,건축물,예비,우수,687,경상북도,구미시,2016-06-09,본인증 교부 전 또는 사용승인 후 1년 이내,공공,
40,태안도서관,건축물,예비,우수,688,경기도,화성시,2016-06-09,본인증 교부 전 또는 사용승인 후 1년 이내,공공,
41,군산시 자원봉사센터,건축물,예비,우수,689,전라북도,군산시,2016-06-09,본인증 교부 전 또는 사용승인 후 1년 이내,공공,
42,㈜유진택시 사무동,건축물,본,우수,254,대전광역시,서구,2016-06-16,2021-06-15,민간,만료
43,추자면 종합복지회관,건축물,예비,우수,721,제주특별자치도,제주시,2016-06-27,본인증 교부 전 또는 사용승인 후 1년 이내,공공,
44,나라키움 신사동빌딩,건축물,예비,우수,722,서울특별시,강남구,2016-06-27,본인증 교부 전 또는 사용승인 후 1년 이내,공공,
45,성동구 보건소 금호분소,건축물,예비,우수,723,서울특별시,성동구,2016-06-27,본인증 교부 전 또는 사용승인 후 1년 이내,공공,
46,아산소방서,건축물,예비,우수,724,충청남도,아산시,2016-06-27,본인증 교부 전 또는 사용승인 후 1년 이내,공공,
47,청양소방서,건축물,예비,우수,725,충청남도,청양군,2016-06-27,본인증 교부 전 또는 사용승인 후 1년 이내,공공,
48,회화면사무소,건축물,예비,우수,729,경상남도,고성군,2016-06-29,본인증 교부 전 또는 사용승인 후 1년 이내,공공,
49,진천군 농업기술센터,건축물,예비,우수,730,충청북도,진천군,2016-06-29,본인증 교부 전 또는 사용승인 후 1년 이내,공공,
50,부산대학교 양산캠퍼스 기숙사 Y16동,건축물,예비,우수,758,경상남도,양산시,2016-07-19,본인증 교부 전 또는 사용승인 후 1년 이내,공공,
51,예미 MTB바이크텔,건축물,예비,우수,833,강원도,정선군,2016-08-31,본인증 교부 전 또는 사용승인 후 1년 이내,공공,
52,창조정밀,건축물,예비,우수,834,경기도,포천시,2016-08-31,본인증 교부 전 또는 사용승인 후 1년 이내,민간,
53,(가칭)미사5유치원,건축물,예비,일반,835,경기도,하남시,2016-08-31,본인증 교부 전 또는 사용승인 후 1년 이내,공공,
54,언양읍청사,건축물,예비,우수,836,울산광역시,울주군,2016-08-31,본인증 교부 전 또는 사용승인 후 1년 이내,공공,
55,군포노인행복센터 2호점,건축물,예비,우수,870,경기도,군포시,2016-09-27,본인증 교부 전 또는 사용승인 후 1년 이내,공공,
56,함양소방서,건축물,예비,우수,871,경상남도,함양군,2016-09-27,본인증 교부 전 또는 사용승인 후 1년 이내,공공,
57,정선아리랑시장 고객지원센터,건축물,예비,우수,872,강원도,정선군,2016-09-27,본인증 교부 전 또는 사용승인 후 1년 이내,공공,
58,스위트위드㈜,건축물,예비,우수,873,경기도,평택시,2016-09-27,본인증 교부 전 또는 사용승인 후 1년 이내,민간,
59,현동주민센터,건축물,예비,우수,937,경상남도,창원시,2016-10-31,본인증 교부 전 또는 사용승인 후 1년 이내,공공,
60,적정기술 에듀파크,건축물,예비,우수,938,충청남도,예산군,2016-10-31,본인증 교부 전 또는 사용승인 후 1년 이내,공공,
61,(가칭)서남초등학교,건축물,예비,우수,939,충청남도,서산시,2016-10-31,본인증 교부 전 또는 사용승인 후 1년 이내,공공,
62,(가칭)배곧3초등학교,건축물,예비,우수,940,경기도,시흥시,2016-10-31,본인증 교부 전 또는 사용승인 후 1년 이내,공공,
63,성안 주식회사,건축물,예비,우수,988,강원도,원주시,2016-11-23,본인증 교부 전 또는 사용승인 후 1년 이내,민간,
64,태안군 노인종합복지관 및 노인회관,건축물,예비,우수,989,충청남도,태안군,2016-11-23,본인증 교부 전 또는 사용승인 후 1년 이내,공공,
65,성지에프앤디 공장4동,건축물,예비,우수,990,전라남도,무안군,2016-11-23,본인증 교부 전 또는 사용승인 후 1년 이내,민간,
66,산림복합 커뮤니티센터,건축물,예비,우수,991,충청남도,태안군,2016-11-23,본인증 교부 전 또는 사용승인 후 1년 이내,공공,
67,건강생활지원센터,건축물,예비,우수,992,경상남도,김해시,2016-11-23,본인증 교부 전 또는 사용승인 후 1년 이내,공공,
68,서울지방경찰청 광역수사대 청사,건축물,예비,우수,1013,서울특별시,마포구,2016-11-30,본인증 교부 전 또는 사용승인 후 1년 이내,공공,
69,㈜예원 본사,건축물,예비,우수,1014,충청북도,청주시,2016-11-30,본인증 교부 전 또는 사용승인 후 1년 이내,민간,
70,㈜대동소방,건축물,본,우수,291,경기도,김포시,2016-11-30,2021-11-29,민간,취소
71,송파구 청소년 문화의 집,건축물,예비,일반,1035,서울특별시,송파구,2016-12-16,본인증 교부 전 또는 사용승인 후 1년 이내,공공,
72,(가칭)부산1초등학교,건축물,예비,우수,1036,경기도,오산시,2016-12-16,본인증 교부 전 또는 사용승인 후 1년 이내,공공,
73,정선 토속음식 304 맛전수관,건축물,예비,우수,1079,강원도,정선군,2017-01-04,본인증 교부 전 또는 사용승인 후 1년 이내,공공,
74,횡성문화원 및 작은영화관,건축물,예비,일반,1080,강원도,횡성군,2017-01-04,본인증 교부 전 또는 사용승인 후 1년 이내,공공,
75,영도구 복합커뮤니티센터,건축물,예비,우수,1081,부산광역시,영도구,2017-01-04,본인증 교부 전 또는 사용승인 후 1년 이내,공공,
76,고창 장애인복지관,건축물,예비,우수,1082,전라북도,고창군,2017-01-04,본인증 교부 전 또는 사용승인 후 1년 이내,공공,
77,영덕세무서 울진지서 청사,건축물,예비,우수,1135,경상북도,울진군,2017-02-13,본인증 교부 전 또는 사용승인 후 1년 이내,공공,
78,행복모아 장애인표준사업장,건축물,예비,최우수,1136,충청북도,청주시,2017-02-13,본인증 교부 전 또는 사용승인 후 1년 이내,민간,
79,행복경로당,건축물,본,우수,316,부산광역시,해운대구,2017-02-27,2027-02-26,공공,
80,해운대구 복합보육시설,건축물,예비,우수,1176,부산광역시,해운대구,2017-03-09,본인증 교부 전 또는 사용승인 후 1년 이내,공공,
81,친환경로컬푸드 매장,건축물,예비,우수,1177,강원도,고성군,2017-03-09,본인증 교부 전 또는 사용승인 후 1년 이내,공공,
82,건양대학병원 어린이집,건축물,예비,우수,1178,대전광역시,서구,2017-03-09,본인증 교부 전 또는 사용승인 후 1년 이내,민간,
83,해운대 문화놀이센터,건축물,본,우수,324,부산광역시,해운대구,2017-03-13,2027-03-12,공공,
84,반여2동 6통지역 경로당,건축물,예비,우수,1207,부산광역시,해운대구,2017-03-23,본인증 교부 전 또는 사용승인 후 1년 이내,공공,
85,돌샘행복마을 복합시설,건축물,예비,우수,1208,서울특별시,관악구,2017-03-23,본인증 교부 전 또는 사용승인 후 1년 이내,공공,
86,용지면 주민자치센터,건축물,예비,우수,1209,전라북도,김제시,2017-03-23,본인증 교부 전 또는 사용승인 후 1년 이내,공공,
87,조동8리 경로당,건축물,본,우수,335,강원도,정선군,2017-03-29,2027-03-28,공공,
88,오포 건강생활지원센터,건축물,예비,우수,1217,경기도,광주시,2017-03-29,본인증 교부 전 또는 사용승인 후 1년 이내,공공,
89,반구공영주차장,건축물,본,우수,345,울산광역시,중구,2017-04-05,2027-04-04,공공,
90,여의도우체국,건축물,예비,우수,1230,서울특별시,영등포구,2017-04-05,본인증 교부 전 또는 사용승인 후 1년 이내,공공,
91,반여1동 중리마을 경로당(가칭),건축물,예비,우수,1231,부산광역시,해운대구,2017-04-05,본인증 교부 전 또는 사용승인 후 1년 이내,공공,
92,성암초등학교,건축물,예비,우수,1242,경상북도,경산시,2017-04-11,본인증 교부 전 또는 사용승인 후 1년 이내,공공,
93,행정중심복합도시 선거관리위원회 청사,건축물,예비,우수,1250,세종특별자치시,보람동,2017-04-14,본인증 교부 전 또는 사용승인 후 1년 이내,공공,
94,탄광지역 통합관광지원센터,건축물,예비,우수,1251,강원도,영월군,2017-04-14,본인증 교부 전 또는 사용승인 후 1년 이내,공공,
95,내장산국립공원 백암사무소,건축물,예비,우수,1252,전라남도,장성군,2017-04-14,본인증 교부 전 또는 사용승인 후 1년 이내,공공,
96,봉산동 주민센터,건축물,본,우수,359,강원도,원주시,2017-05-18,2027-05-17,공공,
97,구미인동우체국,건축물,본,우수,364,경상북도,구미시,2017-05-23,2027-05-22,공공,
98,㈜지앤지티씨,건축물,예비,우수,1330,인천광역시,계양구,2017-05-23,본인증 교부 전 또는 사용승인 후 1년 이내,민간,
99,서귀포소방서 청사,건축물,예비,우수,1331,제주특별자치도,서귀포시,2017-05-23,본인증 교부 전 또는 사용승인 후 1년 이내,공공,
100,서천군 생활체육센터,건축물,예비,우수,1332,충청남도,서천군,2017-05-23,본인증 교부 전 또는 사용승인 후 1년 이내,공공,
101,중문동주민센터 청사,건축물,예비,우수,1333,제주특별자치도,서귀포시,2017-05-23,본인증 교부 전 또는 사용승인 후 1년 이내,공공,
102,수영구 스포츠문화타운,건축물,예비,우수,1347,부산광역시,수영구,2017-05-29,본인증 교부 전 또는 사용승인 후 1년 이내,공공,
103,적금보건진료소,건축물,예비,우수,1348,전라남도,여수시,2017-05-29,본인증 교부 전 또는 사용승인 후 1년 이내,공공,
104,송도보건진료소,건축물,예비,우수,1349,전라남도,여수시,2017-05-29,본인증 교부 전 또는 사용승인 후 1년 이내,공공,
105,공립 서연정 어린이집,건축물,예비,우수,1352,부산광역시,강서구,2017-05-30,본인증 교부 전 또는 사용승인 후 1년 이내,공공,
106,청림동 어르신 쉼터,건축물,예비,우수,1353,경상북도,포항시,2017-05-30,본인증 교부 전 또는 사용승인 후 1년 이내,공공,
107,광천보건진료소,건축물,예비,우수,1354,경상남도,남해군,2017-05-30,본인증 교부 전 또는 사용승인 후 1년 이내,공공,
108,경상남도 고성군 회화면사무소,건축물,본,우수,380,경상남도,고성군,2017-06-12,2027-06-11,공공,
109,비산3동 주민센터,건축물,예비,우수,1392,경기도,안양시,2017-06-13,본인증 교부 전 또는 사용승인 후 1년 이내,공공,
110,주식회사 크린탑,건축물,예비,우수,1414,전라남도,장성군,2017-06-21,본인증 교부 전 또는 사용승인 후 1년 이내,민간,
111,㈜승영에프앤비,건축물,예비,우수,1415,전라남도,장성군,2017-06-21,본인증 교부 전 또는 사용승인 후 1년 이내,민간,
112,관산리 체육공원 공중화장실,건축물,예비,우수,1429,충청남도,청양군,2017-06-28,본인증 교부 전 또는 사용승인 후 1년 이내,공공,
113,모가면 다목적관,건축물,예비,우수,1430,경기도,이천시,2017-06-28,본인증 교부 전 또는 사용승인 후 1년 이내,공공,
114,도계 노인복지관,건축물,예비,우수,1431,강원도,삼척시,2017-06-28,본인증 교부 전 또는 사용승인 후 1년 이내,공공,
115,서울북부광역등기소,건축물,예비,우수,1432,서울특별시,도봉구,2017-06-28,본인증 교부 전 또는 사용승인 후 1년 이내,공공,
116,군포시 방짜유기장 전수교육관,건축물,예비,우수,1464,경기도,군포시,2017-07-07,본인증 교부 전 또는 사용승인 후 1년 이내,공공,
117,소하동 오리경로당,건축물,예비,우수,1465,경기도,광명시,2017-07-07,본인증 교부 전 또는 사용승인 후 1년 이내,공공,
118,노들섬 특화공간 조성사업,건축물,예비,최우수,1476,서울특별시,용산구,2017-07-11,본인증 교부 전 또는 사용승인 후 1년 이내,공공,
119,진잠건강나눔센터,건축물,본,우수,406,대전광역시,유성구,2017-07-11,2027-07-10,공공,
120,㈜에이스엘이디,건축물,예비,우수,1494,경기도,용인시,2017-07-18,본인증 교부 전 또는 사용승인 후 1년 이내,민간,
121,수산식품산업 거점단지 조성사업,건축물,예비,일반,1495,충청남도,보령시,2017-07-18,본인증 교부 전 또는 사용승인 후 1년 이내,공공,
122,선동리 보건진료소,건축물,예비,우수,1499,경기도,광주시,2017-07-19,본인증 교부 전 또는 사용승인 후 1년 이내,공공,
123,당감4동주민센터(건강생활지원센터),건축물,예비,우수,1500,부산광역시,부산진구,2017-07-19,본인증 교부 전 또는 사용승인 후 1년 이내,공공,
124,망우3동 주택가 공용주차장 및 주민센터,건축물,예비,우수,1514,서울특별시,중랑구,2017-07-24,본인증 교부 전 또는 사용승인 후 1년 이내,공공,
125,양산시 장애인직업재활시설,건축물,예비,우수,1521,경상남도,양산시,2017-07-26,본인증 교부 전 또는 사용승인 후 1년 이내,공공,
126,강정마을 커뮤니티센터,건축물,예비,우수,1530,제주특별자치도,서귀포시,2017-07-28,본인증 교부 전 또는 사용승인 후 1년 이내,공공,
127,구항보건지소,건축물,예비,우수,1531,충청남도,홍성군,2017-07-28,본인증 교부 전 또는 사용승인 후 1년 이내,공공,
128,소남새뜰센터,건축물,예비,우수,1532,경상남도,양산시,2017-07-28,본인증 교부 전 또는 사용승인 후 1년 이내,공공,
129,(가칭)양주특수학교,건축물,예비,우수,1536,경기도,양주시,2017-07-31,본인증 교부 전 또는 사용승인 후 1년 이내,공공,
130,스위트위드㈜,건축물,본,우수,437,경기도,평택시,2017-08-18,2027-08-17,민간,
131,낙가동 경로당,건축물,예비,우수,1591,충청북도,청주시,2017-08-18,본인증 교부 전 또는 사용승인 후 1년 이내,공공,
132,동구보훈회관,건축물,예비,우수,1597,부산광역시,동구,2017-08-21,본인증 교부 전 또는 사용승인 후 1년 이내,공공,
133,식품파일럿플랜트 및 통합물류지원센터,건축물,예비,일반,1598,대전광역시,유성구,2017-08-21,본인증 교부 전 또는 사용승인 후 1년 이내,공공,
134,효성어린이공원 공중화장실,건축물,예비,우수,1599,인천광역시,계양구,2017-08-21,본인증 교부 전 또는 사용승인 후 1년 이내,공공,
135,산림복합커뮤니티센터,건축물,본,우수,440,충청남도,태안군,2017-08-25,2027-08-24,공공,
136,세계 해태상 테마전시관,건축물,예비,일반,1613,전라남도,신안군,2017-08-25,본인증 교부 전 또는 사용승인 후 1년 이내,공공,
137,그린친환경 신축공장,건축물,예비,우수,1623,강원도,춘천시,2017-08-29,본인증 교부 전 또는 사용승인 후 1년 이내,민간,
138,진례 테크노밸리 금강산업,건축물,예비,우수,1624,경상남도,김해시,2017-08-29,본인증 교부 전 또는 사용승인 후 1년 이내,민간,
139,양촌면 거사2리 경로당,건축물,예비,일반,1636,충청남도,논산시,2017-08-30,본인증 교부 전 또는 사용승인 후 1년 이내,공공,
140,중촌경로당,건축물,예비,우수,1637,경기도,안양시,2017-08-30,본인증 교부 전 또는 사용승인 후 1년 이내,공공,
141,연산9동 주민센터,건축물,예비,일반,1638,부산광역시,연제구,2017-08-30,본인증 교부 전 또는 사용승인 후 1년 이내,공공,
142,㈜시아스 쿡,건축물,예비,우수,1639,충청북도,음성군,2017-08-30,본인증 교부 전 또는 사용승인 후 1년 이내,민간,
143,새별오름 화장실,건축물,예비,우수,1640,제주특별자치도,제주시,2017-08-30,본인증 교부 전 또는 사용승인 후 1년 이내,공공,
144,(가칭)원주특수학교,건축물,예비,우수,1641,강원도,원주시,2017-08-30,본인증 교부 전 또는 사용승인 후 1년 이내,공공,
145,남원1리 신성동회관,건축물,예비,우수,1642,제주특별자치도,서귀포시,2017-08-30,본인증 교부 전 또는 사용승인 후 1년 이내,공공,
146,금창동 경로당,건축물,예비,우수,1679,인천광역시,동구,2017-09-11,본인증 교부 전 또는 사용승인 후 1년 이내,공공,
147,건양대학병원 어린이집,건축물,본,우수,463,대전광역시,서구,2017-09-18,2027-09-17,민간,
148,무형문화재(한산모시) 복원가옥,건축물,예비,우수,1695,충청남도,서천군,2017-09-18,본인증 교부 전 또는 사용승인 후 1년 이내,공공,
149,군포경찰서 부곡파출소,건축물,예비,우수,1705,경기도,군포시,2017-09-18,본인증 교부 전 또는 사용승인 후 1년 이내,공공,
150,㈜지앤지티씨 본사,건축물,예비,우수,1706,인천광역시,계양구,2017-09-18,본인증 교부 전 또는 사용승인 후 1년 이내,민간,
151,양산경찰서 증산파출소,건축물,예비,우수,1716,경상남도,양산시,2017-09-25,본인증 교부 전 또는 사용승인 후 1년 이내,공공,
152,합덕교육문화스포츠센터,건축물,예비,우수,1717,충청남도,당진시,2017-09-25,본인증 교부 전 또는 사용승인 후 1년 이내,공공,
153,㈜우리식품,건축물,예비,우수,1718,대구광역시,수성구,2017-09-25,본인증 교부 전 또는 사용승인 후 1년 이내,민간,
154,서울지방경찰청 자하문로 별관,건축물,예비,일반,1730,서울특별시,종로구,2017-09-27,본인증 교부 전 또는 사용승인 후 1년 이내,공공,
155,성남 중앙공설시장,건축물,예비,우수,1747,경기도,성남시,2017-10-10,본인증 교부 전 또는 사용승인 후 1년 이내,공공,
156,서광동리 경로당,건축물,예비,우수,1768,제주특별자치도,서귀포시,2017-10-20,본인증 교부 전 또는 사용승인 후 1년 이내,공공,
157,관양2동 노외 공영주차장,건축물,예비,우수,1769,경기도,안양시,2017-10-20,본인증 교부 전 또는 사용승인 후 1년 이내,공공,
158,특화사업 종합지원센터,건축물,예비,우수,1772,경기도,동두천시,2017-10-23,본인증 교부 전 또는 사용승인 후 1년 이내,공공,
159,고령경찰서 다산파출소,건축물,예비,우수,1773,경상북도,고령군,2017-10-24,본인증 교부 전 또는 사용승인 후 1년 이내,공공,
160,가야산업,건축물,예비,우수,1776,광주광역시,광산구,2017-10-24,본인증 교부 전 또는 사용승인 후 1년 이내,민간,
161,일산동부경찰서 풍사파출소,건축물,본,우수,481,경기도,고양시,2017-10-24,2027-10-23,공공,
162,고창 장애인복지관,건축물,본,우수,482,전라북도,고창군,2017-10-24,2027-10-23,공공,
163,배곧누리(배곧1)유치원,건축물,본,우수,483,경기도,시흥시,2017-10-24,2027-10-23,공공,
164,대현청실 경로당,건축물,예비,우수,1781,경기도,부천시,2017-10-24,본인증 교부 전 또는 사용승인 후 1년 이내,공공,
165,주접지하차도 옆 공영주차장,건축물,예비,우수,1795,경기도,안양시,2017-10-27,본인증 교부 전 또는 사용승인 후 1년 이내,공공,
166,서울양재동우체국,건축물,본,우수,487,서울특별시,서초구,2017-10-27,2027-10-26,공공,
167,의령 화정복합문화센터,건축물,예비,우수,1804,경상남도,의령군,2017-11-01,본인증 교부 전 또는 사용승인 후 1년 이내,공공,
168,경기경찰청 남양주북부경찰서,건축물,예비,우수,1805,경기도,남양주시,2017-11-01,본인증 교부 전 또는 사용승인 후 1년 이내,공공,
169,기형도문학관,건축물,본,우수,492,경기도,광명시,2017-11-01,2027-10-31,공공,
170,유한회사 성지에프앤디 공장시설,건축물,본,우수,493,전라남도,무안군,2017-11-01,2027-10-31,민간,
171,양지경로당,건축물,예비,우수,1808,경기도,안양시,2017-11-02,본인증 교부 전 또는 사용승인 후 1년 이내,공공,
172,돌산마루 1호 공영주차장,건축물,예비,우수,1809,인천광역시,남동구,2017-11-02,본인증 교부 전 또는 사용승인 후 1년 이내,공공,
173,농업회사법인 ㈜화산,건축물,예비,우수,1826,전라북도,익산시,2017-11-09,본인증 교부 전 또는 사용승인 후 1년 이내,민간,
174,센텀경로당,건축물,본,우수,496,부산광역시,해운대구,2017-11-10,2027-11-09,공공,
175,우3동 주민센터,건축물,본,우수,497,부산광역시,해운대구,2017-11-10,2027-11-09,공공,
176,송현다목적체육센터,건축물,예비,우수,1828,대구광역시,달서구,2017-11-10,본인증 교부 전 또는 사용승인 후 1년 이내,공공,
177,삼남 중방경로당,건축물,예비,우수,1829,울산광역시,울주군,2017-11-10,본인증 교부 전 또는 사용승인 후 1년 이내,공공,
178,홍제2동 노인종합커뮤니티센터,건축물,예비,우수,1838,서울특별시,서대문구,2017-11-14,본인증 교부 전 또는 사용승인 후 1년 이내,공공,
179,성남동주민센터 별관,건축물,예비,우수,1839,경기도,성남시,2017-11-14,본인증 교부 전 또는 사용승인 후 1년 이내,공공,
180,다목적회관(아우름센터),건축물,예비,우수,1840,경기도,양평군,2017-11-16,본인증 교부 전 또는 사용승인 후 1년 이내,공공,
181,좌4동 문화센터,건축물,예비,우수,1841,부산광역시,해운대구,2017-11-16,본인증 교부 전 또는 사용승인 후 1년 이내,공공,
182,화성동탄 업무시설 등 복합건축물,건축물,예비,우수,1846,경기도,화성시,2017-11-17,본인증 교부 전 또는 사용승인 후 1년 이내,공공,
183,신선스카이웨이 공영주차장,건축물,예비,우수,1847,부산광역시,영도구,2017-11-17,본인증 교부 전 또는 사용승인 후 1년 이내,공공,
184,화성서부경찰서 비봉파출소,건축물,예비,우수,1848,경기도,화성시,2017-11-17,본인증 교부 전 또는 사용승인 후 1년 이내,공공,
185,수강메디카㈜,건축물,예비,우수,1856,경상북도,구미시,2017-11-20,본인증 교부 전 또는 사용승인 후 1년 이내,민간,
186,구립 목2동어린이집,건축물,예비,우수,1857,서울특별시,양천구,2017-11-20,본인증 교부 전 또는 사용승인 후 1년 이내,공공,
187,삼리경로당,건축물,예비,우수,1858,대구광역시,달서구,2017-11-20,본인증 교부 전 또는 사용승인 후 1년 이내,공공,
188,천안버들유치원,건축물,본,일반,508,충청남도,천안시,2017-11-24,2027-11-23,공공,
189,군포 노인행복센터2호점,건축물,본,우수,509,경기도,군포시,2017-11-24,2027-11-23,공공,
190,구포축산물도매시장 고객주차장,건축물,예비,우수,1884,부산광역시,북구,2017-11-24,본인증 교부 전 또는 사용승인 후 1년 이내,공공,
191,정선군 장애인보호작업장,건축물,예비,우수,1885,강원도,정선군,2017-11-24,본인증 교부 전 또는 사용승인 후 1년 이내,공공,
192,바람숲 화장실,건축물,예비,일반,1891,전라북도,고창군,2017-11-28,본인증 교부 전 또는 사용승인 후 1년 이내,공공,
193,안산상록경찰서 이동파출소,건축물,예비,우수,1892,경기도,안산시,2017-11-28,본인증 교부 전 또는 사용승인 후 1년 이내,공공,
194,도서 자생식물 보전센터,건축물,예비,우수,1893,전라남도,신안군,2017-11-28,본인증 교부 전 또는 사용승인 후 1년 이내,공공,
195,항노화산업 지원센터,건축물,예비,우수,1894,경상남도,의령군,2017-11-28,본인증 교부 전 또는 사용승인 후 1년 이내,공공,
196,남구 숭의동 공영주차장,건축물,예비,우수,1895,인천광역시,남구,2017-11-28,본인증 교부 전 또는 사용승인 후 1년 이내,공공,
197,어울초등학교((가칭)신령초등학교),건축물,본,우수,515,경기도,안성시,2017-11-28,2027-11-27,공공,
198,송정동 주민센터,건축물,본,일반,516,경상북도,구미시,2017-11-28,2027-11-27,공공,
199,파주 운정2파출소,건축물,본,일반,517,경기도,파주시,2017-11-28,2027-11-27,공공,
200,광산경찰서 송정파출소,건축물,예비,우수,1899,광주광역시,광산구,2017-11-28,본인증 교부 전 또는 사용승인 후 1년 이내,공공,
201,인천광역시 송도소방서,건축물,본,우수,518,인천광역시,연수구,2017-11-29,2027-11-28,공공,
202,반여 행복경로당(반여1동 중리마을 경로당),건축물,본,우수,519,부산광역시,해운대구,2017-11-29,2027-11-28,공공,
203,동궁원 공용화장실,건축물,본,우수,520,경상북도,경주시,2017-11-29,2027-11-28,공공,
204,철망산 시민복합시설,건축물,예비,우수,1908,경기도,광명시,2017-11-29,본인증 교부 전 또는 사용승인 후 1년 이내,공공,
205,아산 충무병원,건축물,예비,일반,1909,충청남도,아산시,2017-11-29,본인증 교부 전 또는 사용승인 후 1년 이내,민간,
206,점동도서관,건축물,본,우수,522,경기도,여주시,2017-11-30,2027-11-29,공공,
207,향남읍 도이리 일원 캠핑장,건축물,본,우수,523,경기도,화성시,2017-11-30,2027-11-29,공공,
208,성동구 보건소 금호분소,건축물,본,우수,524,서울특별시,성동구,2017-11-30,2027-11-29,공공,
209,비슬산 유스호스텔,건축물,본,우수,525,대구광역시,달성군,2017-11-30,2027-11-29,공공,
210,창조정밀,건축물,본,우수,526,경기도,포천시,2017-11-30,2027-11-29,민간,
211,현동주민센터,건축물,본,우수,539,경상남도,창원시,2017-12-12,2027-12-11,공공,
212,제주시 동부보건소 치매안심센터,건축물,예비,우수,2001,제주특별자치도,제주시,2017-12-28,본인증 교부 전 또는 사용승인 후 1년 이내,공공,
213,(가칭)두촌유치원,건축물,예비,우수,2002,충청북도,진천군,2017-12-28,본인증 교부 전 또는 사용승인 후 1년 이내,공공,
214,죽림 종합문화센터,건축물,예비,일반,2008,경상남도,통영시,2017-12-29,본인증 교부 전 또는 사용승인 후 1년 이내,공공,
215,김포경찰서 고촌파출소,건축물,예비,우수,2009,경기도,김포시,2017-12-29,본인증 교부 전 또는 사용승인 후 1년 이내,공공,
216,남구 국민체육센터,건축물,본,우수,570,대구광역시,남구,2017-12-29,2027-12-28,공공,
217,서구 비원건강증진센터,건축물,본,우수,571,대구광역시,서구,2017-12-29,2027-12-28,공공,
218,홍천군 치매안심센터,건축물,예비,우수,2012,강원도,홍천,2017-12-29,본인증 교부 전 또는 사용승인 후 1년 이내,공공,
219,거창서 원학파출소,건축물,예비,우수,2013,경상남도,거창군,2017-12-29,본인증 교부 전 또는 사용승인 후 1년 이내,공공,
220,희망마을 경로당,건축물,예비,우수,2014,경상남도,양산시,2017-12-29,본인증 교부 전 또는 사용승인 후 1년 이내,공공,
221,새별오름 화장실,건축물,본,우수,572,제주특별자치도,제주시,2017-12-29,2027-12-28,공공,
222,장암 주민자치센터,건축물,본,일반,573,충청남도,부여군,2017-12-29,2027-12-28,공공,
223,이천시 모가면 다목적관,건축물,본,우수,586,경기도,이천시,2018-01-26,2028-01-25,공공,
224,팔달구 노인회지회회관,건축물,예비,우수,2088,경기도,수원시,2018-01-31,본인증 교부 전 또는 사용승인 후 1년 이내,공공,
225,"올림픽 슬라이딩센터(스타트하우스-1, 스타트하우스-2, 피니쉬하우스)",건축물,본,우수,595,강원도,평창군,2018-02-07,2028-02-06,공공,
226,빛가온초등학교,건축물,본,우수,596,강원도,평창군,2018-02-09,2028-02-08,공공,
227,김광석길 공중화장실,건축물,본,우수,601,대구광역시,중구,2018-02-21,2028-02-20,공공,
228,반송1동 경로당,건축물,예비,우수,2119,부산광역시,해운대구,2018-02-21,본인증 교부 전 또는 사용승인 후 1년 이내,공공,
229,김해서부소방서,건축물,예비,우수,2120,경상남도,김해시,2018-02-21,본인증 교부 전 또는 사용승인 후 1년 이내,공공,
230,신촌 청년문화전진기지,건축물,예비,우수,2140,서울특별시,서대문구,2018-02-27,본인증 교부 전 또는 사용승인 후 1년 이내,공공,
231,김포경찰서 마산파출소,건축물,예비,우수,2141,경기도,김포시,2018-02-27,본인증 교부 전 또는 사용승인 후 1년 이내,공공,
232,행복모아 장애인표준사업장,건축물,본,최우수,613,충청북도,청주시,2018-03-06,2028-03-05,민간,
233,성동소방서,건축물,본,우수,626,서울특별시,성동구,2018-03-16,2028-03-15,공공,
234,경주시 차량등록사업소 및 공용차고지 사무실,건축물,예비,우수,2181,경상북도,경주시,2018-03-19,본인증 교부 전 또는 사용승인 후 1년 이내,공공,
235,도로시설관리소,건축물,예비,우수,2182,충청남도,서산시,2018-03-19,본인증 교부 전 또는 사용승인 후 1년 이내,공공,
236,양촌면 거사2리 경로당,건축물,본,우수,632,충청남도,논산시,2018-03-19,2028-03-18,공공,
237,"외동생활체육공원(운동시설, 공중화장실)",건축물,예비,우수,2183,경상북도,경주시,2018-03-20,본인증 교부 전 또는 사용승인 후 1년 이내,공공,
238,박달2동 경로당,건축물,예비,우수,2184,경기도,안양시,2018-03-20,본인증 교부 전 또는 사용승인 후 1년 이내,공공,
239,해운대구 장애인복지관,건축물,예비,최우수,2204,부산광역시,해운대구,2018-03-27,본인증 교부 전 또는 사용승인 후 1년 이내,공공,
240,곤지암읍 농촌중심지활성화사업 다목적회관,건축물,예비,우수,2205,경기도,광주시,2018-03-27,본인증 교부 전 또는 사용승인 후 1년 이내,공공,
241,찬내 어르신쉼터(청림동 어르신쉼터),건축물,본,우수,645,경상북도,포항시,2018-03-27,2028-03-26,공공,
242,해운대구 육아종합지원센터 및 공립어린이집,건축물,본,우수,646,부산광역시,해운대구,2018-03-27,2028-03-26,공공,
243,남원1리 신성동회관,건축물,본,우수,654,제주특별자치도,서귀포시,2018-03-28,2028-03-27,공공,
244,적금보건진료소,건축물,본,우수,655,전라남도,여수시,2018-03-28,2028-03-27,공공,
245,창업벤처기업 보육공간,건축물,예비,우수,2213,세종특별자치시,조치원읍,2018-03-28,본인증 교부 전 또는 사용승인 후 1년 이내,공공,
246,관산리 체육공원 공중화장실,건축물,본,우수,660,충청남도,청양군,2018-04-02,2028-04-01,공공,
247,을숙도 체육시설(스쿼시전용경기장),건축물,예비,우수,2238,부산광역시,사하구,2018-04-09,본인증 교부 전 또는 사용승인 후 1년 이내,공공,
248,울산북부경찰서,건축물,예비,우수,2239,울산광역시,북구,2018-04-09,본인증 교부 전 또는 사용승인 후 1년 이내,공공,
249,원리119지역대,건축물,예비,일반,2249,세종특별자치시,조치원읍,2018-04-13,본인증 교부 전 또는 사용승인 후 1년 이내,공공,
250,일산복개천 공영주차장,건축물,예비,우수,2250,울산광역시,동구,2018-04-13,본인증 교부 전 또는 사용승인 후 1년 이내,공공,
251,광천보건진료소,건축물,본,우수,671,경상남도,남해군,2018-04-13,2028-04-12,공공,
252,송도보건진료소,건축물,본,우수,678,전라남도,여수시,2018-04-17,2028-04-16,공공,
253,남해군 공공승마장,건축물,예비,우수,2262,경상남도,남해군,2018-04-19,본인증 교부 전 또는 사용승인 후 1년 이내,공공,
254,석전 재개발지역 경로당,건축물,예비,우수,2267,경상남도,창원시,2018-04-24,본인증 교부 전 또는 사용승인 후 1년 이내,공공,
255,귀아랑경로당,건축물,예비,우수,2268,제주특별자치도,제주시,2018-04-24,본인증 교부 전 또는 사용승인 후 1년 이내,공공,
256,간석자유시장주변구역 주민공동이용시설,건축물,예비,우수,2271,인천광역시,남동구,2018-04-25,본인증 교부 전 또는 사용승인 후 1년 이내,공공,
257,삼남 중방경로당,건축물,본,우수,697,울산광역시,울주군,2018-05-02,2028-05-01,공공,
258,금산 작은영화관 및 문화다방,건축물,예비,일반,2298,충청남도,금산군,2018-05-04,본인증 교부 전 또는 사용승인 후 1년 이내,공공,
259,기장군 노인회관,건축물,예비,우수,2309,부산광역시,기장군,2018-05-09,본인증 교부 전 또는 사용승인 후 1년 이내,공공,
260,"칠곡 공설운동장(본부석, 화장실)",건축물,예비,우수,2310,경상남도,의령군,2018-05-09,본인증 교부 전 또는 사용승인 후 1년 이내,공공,
261,본리동경로당,건축물,예비,우수,2311,대구광역시,달서구,2018-05-09,본인증 교부 전 또는 사용승인 후 1년 이내,공공,
262,㈜지앤지티씨 본사,건축물,본,일반,704,인천광역시,계양구,2018-05-11,2028-05-10,민간,
263,논산시 노인회관,건축물,예비,우수,2325,충청남도,논산시,2018-05-11,본인증 교부 전 또는 사용승인 후 1년 이내,공공,
264,이동 서리 다목적 체육시설,건축물,예비,우수,2326,경기도,용인시,2018-05-11,본인증 교부 전 또는 사용승인 후 1년 이내,공공,
265,보성군 농업기술센터,건축물,본,일반,713,전라남도,보성군,2018-05-14,2028-05-13,공공,
266,효곡동 행정복지센터(효곡동주민센터),건축물,본,우수,714,경상북도,포항시,2018-05-14,2028-05-13,공공,
267,고성군 공공실버주택,건축물,예비,우수,2333,경상남도,고성군,2018-05-16,본인증 교부 전 또는 사용승인 후 1년 이내,공공,
268,관세평가분류원,건축물,예비,우수,2334,세종특별자치시,반곡동,2018-05-16,본인증 교부 전 또는 사용승인 후 1년 이내,공공,
269,주식회사 대한실업,건축물,예비,우수,2355,전라남도,여수시,2018-05-24,본인증 교부 전 또는 사용승인 후 1년 이내,민간,
270,용산시장 시설현대화사업,건축물,예비,우수,2363,전라남도,장흥군,2018-05-28,본인증 교부 전 또는 사용승인 후 1년 이내,공공,
271,가든센터(지방정원조성사업),건축물,예비,우수,2364,경상북도,경주시,2018-05-28,본인증 교부 전 또는 사용승인 후 1년 이내,공공,
272,㈜우리식품,건축물,본,우수,744,대구광역시,수성구,2018-05-29,2028-05-28,민간,
273,양주시 보훈회관,건축물,본,우수,745,경기도,양주시,2018-05-29,2028-05-28,공공,
274,욕지도우체국,건축물,본,우수,757,경상남도,통영시,2018-06-01,2028-05-31,공공,
275,정선아리랑시장 고객지원센터,건축물,본,우수,765,강원도,정선군,2018-06-05,2028-06-04,공공,
276,삽교호 관광지 공중화장실 및 다목적실,건축물,예비,우수,2404,충청남도,당진시,2018-06-11,본인증 교부 전 또는 사용승인 후 1년 이내,공공,
277,예미MTB마을호스텔,건축물,본,우수,773,강원도,정선군,2018-06-12,2028-06-11,공공,
278,정릉동 공영차고지,건축물,예비,일반,2412,서울특별시,성북구,2018-06-12,본인증 교부 전 또는 사용승인 후 1년 이내,공공,
279,곽지관광지 서측 화장실,건축물,예비,우수,2413,제주특별자치도,애월읍,2018-06-12,본인증 교부 전 또는 사용승인 후 1년 이내,공공,
280,환여동행정복지센터,건축물,예비,우수,2414,경상북도,포항시,2018-06-12,본인증 교부 전 또는 사용승인 후 1년 이내,공공,
281,대조동 노인복지관,건축물,본,우수,783,서울특별시,은평구,2018-06-20,2028-06-19,공공,
282,구포축산물도매시장 고객주차장,건축물,본,우수,784,부산광역시,북구,2018-06-20,2028-06-19,공공,
283,창녕서 대합파출소,건축물,예비,우수,2465,경상남도,창녕군,2018-06-25,본인증 교부 전 또는 사용승인 후 1년 이내,공공,
284,한결초등학교((가칭)빛찬유초),건축물,본,우수,795,세종특별자치시,다정동,2018-06-26,2028-06-25,공공,
285,포항시 영아어린이집,건축물,예비,우수,2499,경상북도,포항시,2018-07-02,본인증 교부 전 또는 사용승인 후 1년 이내,공공,
286,평촌동 청소년문화의집,건축물,본,우수,802,경기도,안양시,2018-07-04,2028-07-03,공공,
287,경주시 장애인기초재활교육센터,건축물,예비,우수,2510,경상북도,경주시,2018-07-05,본인증 교부 전 또는 사용승인 후 1년 이내,공공,
288,달서구 장애인복지센터,건축물,예비,우수,2511,대구광역시,달서구,2018-07-05,본인증 교부 전 또는 사용승인 후 1년 이내,공공,
289,도산면 농촌중심지 활성화사업,건축물,예비,최우수,2515,경상북도,안동시,2018-07-09,본인증 교부 전 또는 사용승인 후 1년 이내,공공,
290,함양소방서,건축물,본,우수,813,경상남도,함양군,2018-07-09,2028-07-08,공공,
291,금산시네마,건축물,본,일반,814,충청남도,금산군,2018-07-09,2028-07-08,공공,
292,담양읍 객사 3구 경로당,건축물,예비,우수,2527,전라남도,담양군,2018-07-12,본인증 교부 전 또는 사용승인 후 1년 이내,공공,
293,금산군 치매안심센터,건축물,예비,우수,2528,충청남도,금산군,2018-07-12,본인증 교부 전 또는 사용승인 후 1년 이내,공공,
294,안락누리도서관,건축물,본,우수,825,부산광역시,동래구,2018-07-13,2028-07-12,공공,
295,청양소방서,건축물,본,우수,826,충청남도,청양군,2018-07-13,2028-07-12,공공,
296,삼리경로당,건축물,본,우수,831,대구광역시,달서구,2018-07-16,2028-07-15,공공,
297,의성군 종합지원센터,건축물,예비,우수,2537,경상북도,의성군,2018-07-16,본인증 교부 전 또는 사용승인 후 1년 이내,공공,
298,남해 힐링빌리지 조성사업(힐링센터),건축물,예비,우수,2564,경상남도,남해군,2018-07-23,본인증 교부 전 또는 사용승인 후 1년 이내,공공,
299,솔빛유치원,건축물,본,우수,842,경기도,화성시,2018-07-24,2028-07-23,공공,
300,안성리 기록사랑마을 전시관,건축물,예비,우수,2577,제주특별자치도,서귀포시,2018-07-26,본인증 교부 전 또는 사용승인 후 1년 이내,공공,
301,봉덕1동 행정복지센터,건축물,예비,우수,2583,대구광역시,남구,2018-07-30,본인증 교부 전 또는 사용승인 후 1년 이내,공공,
302,벽계관광지 조성사업(통나무집),건축물,예비,우수,2592,경상남도,의령군,2018-08-01,본인증 교부 전 또는 사용승인 후 1년 이내,공공,
303,정선군 청소년수련관,건축물,예비,우수,2600,강원도,정선군,2018-08-03,본인증 교부 전 또는 사용승인 후 1년 이내,공공,
304,부평 새뜰마을 공동이용시설,건축물,예비,우수,2601,인천광역시,부평구,2018-08-03,본인증 교부 전 또는 사용승인 후 1년 이내,공공,
305,강화온수우체국,건축물,예비,일반,2602,인천광역시,강화군,2018-08-03,본인증 교부 전 또는 사용승인 후 1년 이내,공공,
306,호계커뮤니티센터,건축물,예비,우수,2607,울산광역시,북구,2018-08-06,본인증 교부 전 또는 사용승인 후 1년 이내,공공,
307,주식회사 새롬테크,건축물,예비,우수,2612,세종특별자치시,전의면,2018-08-07,본인증 교부 전 또는 사용승인 후 1년 이내,민간,
308,사곡리경로당,건축물,예비,우수,2613,강원도,삼척시,2018-08-07,본인증 교부 전 또는 사용승인 후 1년 이내,공공,
309,울산항파출소,건축물,예비,우수,2619,울산광역시,남구,2018-08-09,본인증 교부 전 또는 사용승인 후 1년 이내,공공,
310,달서영어도서관,건축물,예비,우수,2622,대구광역시,달서구,2018-08-10,본인증 교부 전 또는 사용승인 후 1년 이내,공공,
311,장평시장 시설현대화사업,건축물,예비,우수,2623,전라남도,장흥군,2018-08-10,본인증 교부 전 또는 사용승인 후 1년 이내,공공,
312,내장산국립공원 백암사무소,건축물,본,우수,869,전라남도,장성군,2018-08-13,2028-08-12,공공,
313,화성동부경찰서 중앙파출소,건축물,예비,우수,2635,경기도,오산시,2018-08-14,본인증 교부 전 또는 사용승인 후 1년 이내,공공,
314,(사)한국장애인공존협회 제조시설,건축물,예비,우수,2636,부산광역시,기장군,2018-08-14,본인증 교부 전 또는 사용승인 후 1년 이내,민간,
315,근덕 청소년 문화의집,건축물,예비,우수,2642,강원도,삼척시,2018-08-17,본인증 교부 전 또는 사용승인 후 1년 이내,공공,
316,양산시 장애인직업재활시설,건축물,본,우수,876,경상남도,양산시,2018-08-17,2028-08-16,공공,
317,탄광지역 통합관광지원센터,건축물,예비,우수,2643,강원도,영월군,2018-08-17,본인증 교부 전 또는 사용승인 후 1년 이내,공공,
318,거창 하천환경교육센터,건축물,예비,일반,2645,경상남도,거창군,2018-08-20,본인증 교부 전 또는 사용승인 후 1년 이내,공공,
319,영주국유림관리소 풍기팀 청관사,건축물,본,우수,897,경상북도,영주시,2018-08-27,2028-08-26,공공,
320,이순신대교 전망대 공중화장실,건축물,예비,우수,2675,전라남도,여수시,2018-09-04,본인증 교부 전 또는 사용승인 후 1년 이내,공공,
321,유성푸드통합지원센터,건축물,본,우수,913,대전광역시,유성구,2018-09-04,2028-09-03,공공,
322,오포 건강생활지원센터,건축물,본,우수,914,경기도,광주시,2018-09-04,2028-09-03,공공,
323,내곡열린문화센터,건축물,본,최우수,915,서울특별시,서초구,2018-09-04,2028-09-03,공공,
324,다산면 행정복합타운,건축물,본,일반,921,경상북도,고령군,2018-09-06,2028-09-05,공공,
325,농암면 농촌중심지활성화사업 농암행복생활센터,건축물,예비,우수,2684,경상북도,문경시,2018-09-06,본인증 교부 전 또는 사용승인 후 1년 이내,공공,
326,이윤재·허웅선생 기념관,건축물,예비,우수,2685,경상남도,김해시,2018-09-06,본인증 교부 전 또는 사용승인 후 1년 이내,공공,
327,국립 달음산 자연휴양림 숲속의 집,건축물,본,우수,932,부산광역시,기장군,2018-09-10,2028-09-09,공공,
328,비슬산 치유의 숲 치유센터,건축물,본,우수,937,대구광역시,달성군,2018-09-13,2028-09-12,공공,
329,개운어린이공원 지하주차장,건축물,예비,우수,2712,경기도,광명시,2018-09-14,본인증 교부 전 또는 사용승인 후 1년 이내,공공,
330,해양수산복합공간(중리 해녀체험관),건축물,예비,우수,2713,부산광역시,영도구,2018-09-14,본인증 교부 전 또는 사용승인 후 1년 이내,공공,
331,고창군 흥덕면 공립형 지역아동센터,건축물,예비,우수,2723,전라북도,고창군,2018-09-18,본인증 교부 전 또는 사용승인 후 1년 이내,공공,
332,중화지생태공원 관리동,건축물,예비,우수,2737,경상북도,고령군,2018-09-20,본인증 교부 전 또는 사용승인 후 1년 이내,공공,
333,여수시치매안심센터,건축물,예비,우수,2738,전라남도,여수시,2018-09-20,본인증 교부 전 또는 사용승인 후 1년 이내,공공,
334,㈜시아스 쿡,건축물,본,우수,958,충청북도,음성군,2018-09-28,2028-09-27,민간,
335,한림지구 친수공간 화장실,건축물,본,우수,959,경상남도,김해시,2018-09-28,2028-09-27,공공,
336,김천학생문화예술센터,건축물,예비,우수,2754,경상북도,김천시,2018-09-28,본인증 교부 전 또는 사용승인 후 1년 이내,공공,
337,백석탄골부리권역 단위종합개발사업 공중화장실,건축물,예비,우수,2755,경상북도,청송군,2018-09-28,본인증 교부 전 또는 사용승인 후 1년 이내,공공,
338,화매권역 단위종합정비사업 공중화장실,건축물,예비,우수,2756,경상북도,영양군,2018-09-28,본인증 교부 전 또는 사용승인 후 1년 이내,공공,
339,연천청산파출소,건축물,예비,우수,2761,경기도,연천군,2018-10-02,본인증 교부 전 또는 사용승인 후 1년 이내,공공,
340,주식회사 대한실업,건축물,본,우수,963,전라남도,여수시,2018-10-02,2028-10-01,민간,
341,보은군 치매안심센터,건축물,예비,우수,2789,충청북도,보은군,2018-10-12,본인증 교부 전 또는 사용승인 후 1년 이내,공공,
342,건강생활지원센터,건축물,본,우수,975,경상남도,김해시,2018-10-15,2028-10-14,공공,
343,부여군 가족행복센터,건축물,예비,우수,2798,충청남도,부여군,2018-10-15,본인증 교부 전 또는 사용승인 후 1년 이내,공공,
344,낙성1리 도농교류커뮤니티센터,건축물,예비,우수,2806,경상북도,구미시,2018-10-18,본인증 교부 전 또는 사용승인 후 1년 이내,공공,
345,해평 정다운센터,건축물,예비,우수,2807,경상북도,구미시,2018-10-18,본인증 교부 전 또는 사용승인 후 1년 이내,공공,
346,㈜태건상사,건축물,예비,우수,2811,경기도,고양시,2018-10-19,본인증 교부 전 또는 사용승인 후 1년 이내,민간,
347,서천군 치매안심센터,건축물,예비,우수,2817,충청남도,서천군,2018-10-22,본인증 교부 전 또는 사용승인 후 1년 이내,공공,
348,부곡동 청소년 문화의집,건축물,예비,우수,2824,경기도,의왕시,2018-10-25,본인증 교부 전 또는 사용승인 후 1년 이내,공공,
349,서광동리 경로당,건축물,본,우수,992,제주특별자치도,서귀포시,2018-10-25,2028-10-24,공공,
350,대명11동 행정복지센터,건축물,본,우수,1003,대구광역시,남구,2018-10-26,2028-10-25,공공,
351,국립등산학교,건축물,본,우수,1008,강원도,속초시,2018-10-29,2028-10-28,공공,
352,(가칭)역세3유치원,건축물,예비,일반,2830,경기도,광명시,2018-10-29,본인증 교부 전 또는 사용승인 후 1년 이내,공공,
353,고성 작은영화관,건축물,예비,우수,2835,경상남도,고성군,2018-10-30,본인증 교부 전 또는 사용승인 후 1년 이내,공공,
354,송부파출소,건축물,본,우수,1019,경기도,군포시,2018-11-01,2028-10-31,공공,
355,가재울마을 주민공동이용시설,건축물,예비,우수,2855,인천광역시,서구,2018-11-02,본인증 교부 전 또는 사용승인 후 1년 이내,공공,
356,정이있는 구포시장 고객편의시설,건축물,예비,우수,2856,부산광역시,북구,2018-11-02,본인증 교부 전 또는 사용승인 후 1년 이내,공공,
357,입암면분회(신구리) 경로당,건축물,예비,우수,2857,경상북도,영양군,2018-11-02,본인증 교부 전 또는 사용승인 후 1년 이내,공공,
358,송린초등학교,건축물,본,우수,1028,경기도,화성시,2018-11-08,2028-11-07,공공,
359,서대문구청 별관,건축물,예비,우수,2875,서울특별시,서대문구,2018-11-08,본인증 교부 전 또는 사용승인 후 1년 이내,공공,
360,고성군 청소년수련관,건축물,예비,우수,2876,경상남도,고성군,2018-11-08,본인증 교부 전 또는 사용승인 후 1년 이내,공공,
361,인천청선학교,건축물,본,우수,1032,인천광역시,남동구,2018-11-12,2028-11-11,공공,
362,연산9동 행정복지센터,건축물,본,우수,1033,부산광역시,연제구,2018-11-12,2028-11-11,공공,
363,원주교도소,건축물,예비,일반,2883,강원도,원주시,2018-11-12,본인증 교부 전 또는 사용승인 후 1년 이내,공공,
364,고흥군 치매안심센터,건축물,예비,우수,2891,전라남도,고흥군,2018-11-15,본인증 교부 전 또는 사용승인 후 1년 이내,공공,
365,공산성 역사문화환경 개선사업,건축물,예비,우수,2892,충청남도,공주시,2018-11-15,본인증 교부 전 또는 사용승인 후 1년 이내,공공,
366,공립 서연정 어린이집,건축물,본,우수,1044,부산광역시,강서구,2018-11-20,2028-11-19,공공,
367,크린탑 공장,건축물,본,우수,1045,전라남도,장성군,2018-11-20,2028-11-19,민간,
368,원주시 단계동 행정복지센터,건축물,예비,우수,2896,강원도,원주시,2018-11-20,본인증 교부 전 또는 사용승인 후 1년 이내,공공,
369,신길동 건강생활지원센터,건축물,예비,우수,2897,경기도,안산시,2018-11-20,본인증 교부 전 또는 사용승인 후 1년 이내,공공,
370,소남새뜰센터,건축물,본,우수,1049,경상남도,양산시,2018-11-22,2028-11-21,공공,
371,의성 키움센터,건축물,예비,우수,2913,경상북도,의성군,2018-11-23,본인증 교부 전 또는 사용승인 후 1년 이내,공공,
372,철원군 공공산후조리원 및 의료인숙소,건축물,예비,우수,2923,강원도,철원군,2018-11-26,본인증 교부 전 또는 사용승인 후 1년 이내,공공,
373,㈜청신 세탁공장,건축물,예비,우수,2924,경상남도,함안군,2018-11-27,본인증 교부 전 또는 사용승인 후 1년 이내,민간,
374,샘말초등학교,건축물,본,우수,1084,경기도,용인시,2018-12-03,2028-12-02,공공,
375,서남초등학교,건축물,본,우수,1085,충청남도,서산시,2018-12-03,2028-12-02,공공,
376,서부산권 장애인스포츠센터,건축물,본,우수,1086,부산광역시,사하구,2018-12-03,2028-12-02,공공,
377,경주시 치매안심센터,건축물,예비,우수,2937,경상북도,경주시,2018-12-03,본인증 교부 전 또는 사용승인 후 1년 이내,공공,
378,선동리 보건진료소,건축물,본,우수,1090,경기도,광주시,2018-12-04,2028-12-03,공공,
379,(가칭)함백산 메모리얼파크,건축물,예비,일반,2942,경기도,화성시,2018-12-04,본인증 교부 전 또는 사용승인 후 1년 이내,공공,
380,서부3리 경로당,건축물,예비,우수,2943,경상북도,영양군,2018-12-04,본인증 교부 전 또는 사용승인 후 1년 이내,공공,
381,반송1동 경로당,건축물,본,우수,1091,부산광역시,해운대구,2018-12-04,2028-12-03,공공,
382,김포교육지원청,건축물,본,우수,1098,경기도,김포시,2018-12-06,2028-12-05,공공,
383,상도리 다목적회관,건축물,예비,우수,2964,제주특별자치도,제주시,2018-12-10,본인증 교부 전 또는 사용승인 후 1년 이내,공공,
384,서귀포소방서 청사,건축물,본,우수,1108,제주특별자치도,서귀포시,2018-12-11,2028-12-10,공공,
385,상천리 다목적회관,건축물,예비,우수,3010,제주특별자치도,서귀포시,2018-12-17,본인증 교부 전 또는 사용승인 후 1년 이내,공공,
386,서귀포시 장애아전문어린이집,건축물,예비,우수,3011,제주특별자치도,서귀포시,2018-12-17,본인증 교부 전 또는 사용승인 후 1년 이내,공공,
387,한수리 마을복지회관,건축물,예비,우수,3012,제주특별자치도,제주시,2018-12-17,본인증 교부 전 또는 사용승인 후 1년 이내,공공,
388,문경 로컬푸드 문화센터,건축물,예비,우수,3017,경상북도,문경시,2018-12-18,본인증 교부 전 또는 사용승인 후 1년 이내,공공,
389,하동 나누리플랫폼,건축물,예비,우수,3018,경상남도,하동군,2018-12-18,본인증 교부 전 또는 사용승인 후 1년 이내,공공,
390,경기서부융복합지원센터,건축물,본,우수,1139,경기도,시흥시,2018-12-19,2028-12-18,공공,
391,남천3 경로당,건축물,본,우수,1140,전라남도,영광군,2018-12-19,2028-12-18,공공,
392,동래안전드림센터,건축물,본,우수,1141,부산광역시,동래구,2018-12-19,2028-12-18,공공,
393,"강정마을 커뮤니티센터(가동, 다동)",건축물,본,우수,1142,제주특별자치도,서귀포시,2018-12-20,2028-12-19,공공,
394,소하동 오리경로당,건축물,본,우수,1152,경기도,광명시,2018-12-24,2028-12-23,공공,
395,경상남도 남명학사 서울관,건축물,본,우수,1153,서울특별시,강남구,2018-12-24,2028-12-23,공공,
396,(사)한국장애인공존협회 제조시설,건축물,본,우수,1189,부산광역시,기장군,2019-01-03,2029-01-02,민간,
397,"평택시 농업생태원(방문자센터, 관리창고동, 화장실-1, 화장실-2)",건축물,본,우수,1191,경기도,평택시,2019-01-03,2029-01-02,공공,
398,경상북도교육청 의성도서관,건축물,본,우수,1205,경상북도,의성군,2019-01-10,2029-01-09,공공,
399,이천 어울림 도서관,건축물,본,우수,1214,대구광역시,남구,2019-01-16,2029-01-15,공공,
400,위미리 2083-2 장애인단기거주시설,건축물,예비,우수,3090,제주특별자치도,서귀포시,2019-01-16,본인증 교부 전 또는 사용승인 후 1년 이내,민간,
401,제주국립묘지,건축물,예비,일반,3091,제주특별자치도,제주시,2019-01-16,본인증 교부 전 또는 사용승인 후 1년 이내,공공,
402,내리도서관,건축물,예비,우수,3092,부산광역시,기장군,2019-01-16,본인증 교부 전 또는 사용승인 후 1년 이내,공공,
403,공주시 시민재난안전센터,건축물,본,일반,1235,충청남도,공주시,2019-01-24,2029-01-23,공공,
404,동천동 주민센터,건축물,본,우수,1241,경상북도,경주시,2019-01-30,2029-01-29,공공,
405,조천운동장 야외화장실,건축물,본,우수,1242,제주특별자치도,제주시,2019-01-30,2029-01-29,공공,
406,㈜태건비에프(신관),건축물,본,우수,1247,경기도,고양시,2019-01-31,2029-01-30,민간,
407,(가칭)지금2유치원,건축물,예비,우수,3182,경기도,남양주시,2019-02-22,본인증 교부 전 또는 사용승인 후 1년 이내,공공,
408,고성 충효교육관,건축물,예비,우수,3196,경상남도,고성군,2019-02-28,본인증 교부 전 또는 사용승인 후 1년 이내,공공,
409,세종남부경찰서,건축물,예비,우수,3197,세종특별자치시,세종특별자치시,2019-02-28,본인증 교부 전 또는 사용승인 후 1년 이내,공공,
410,화성동부경찰서 반달파출소,건축물,예비,우수,3198,경기도,화성시,2019-02-28,본인증 교부 전 또는 사용승인 후 1년 이내,공공,
411,남해군 가인포보건진료소,건축물,예비,우수,3199,경상남도,남해군,2019-02-28,본인증 교부 전 또는 사용승인 후 1년 이내,공공,
412,(가칭)북부유아체험교육원 본관동,건축물,예비,우수,3200,충청남도,아산시,2019-02-28,본인증 교부 전 또는 사용승인 후 1년 이내,공공,
413,공산성 역사문화환경 개선사업,건축물,본,우수,1301,충청남도,공주시,2019-03-13,2029-03-12,공공,
414,염리2구역 주민편익시설,건축물,예비,우수,3218,서울특별시,마포구,2019-03-13,본인증 교부 전 또는 사용승인 후 1년 이내,공공,
415,연일공공도서관,건축물,예비,우수,3222,경상북도,포항시,2019-03-15,본인증 교부 전 또는 사용승인 후 1년 이내,공공,
416,청송군 객주문학마을 공중화장실,건축물,예비,우수,3223,경상북도,청송군,2019-03-15,본인증 교부 전 또는 사용승인 후 1년 이내,공공,
417,곽지관광지 서측 화장실,건축물,본,우수,1327,제주특별자치도,제주시,2019-03-21,2029-03-20,공공,
418,배곧라온초등학교,건축물,본,우수,1333,경기도,시흥시,2019-03-26,2029-03-25,공공,
419,소담동 복합커뮤니티센터,건축물,본,우수,1334,세종특별자치시,세종특별자치시,2019-03-26,2029-03-25,공공,
420,대명6동 행정복지센터,건축물,본,우수,1335,대구광역시,남구,2019-03-26,2029-03-25,공공,
421,동탄2 제1중 다원이음터,건축물,본,우수,1336,경기도,화성시,2019-03-26,2029-03-25,공공,
422,신산리 종합복지관,건축물,본,우수,1355,제주특별자치도,서귀포,2019-04-02,2029-04-01,공공,
423,사곡리 경로당,건축물,본,우수,1356,강원도,삼척시,2019-04-02,2029-04-01,공공,
424,군포시 방짜유기장 전수교육관 전시동,건축물,본,우수,1369,경기도,군포시,2019-04-05,2029-04-04,공공,
425,좌4동 문화센터,건축물,본,우수,1370,부산광역시,해운대구,2019-04-05,2029-04-04,공공,
426,하동군 화개보건지소,건축물,예비,우수,3285,경상남도,하동군,2019-04-05,본인증 교부 전 또는 사용승인 후 1년 이내,공공,
427,제2유성구 노인복지관,건축물,예비,우수,3286,대전광역시,유성구,2019-04-05,본인증 교부 전 또는 사용승인 후 1년 이내,공공,
428,남해군 공공승마장,건축물,본,우수,1377,경상남도,남해군,2019-04-08,2029-04-07,공공,
429,다목적회관(아우름센터),건축물,본,우수,1389,경기도,양평군,2019-04-08,2029-04-07,공공,
430,주례1동 주민센터,건축물,본,우수,1407,부산광역시,사상구,2019-04-19,2029-04-18,공공,
431,주례1동 치안센터,건축물,본,우수,1408,부산광역시,사상구,2019-04-19,2029-04-18,공공,
432,섬강초등학교,건축물,본,우수,1411,강원도,원주시,2019-04-22,2029-04-21,공공,
433,화물자동차 공영차고지 관리동 및 차량등록사업소,건축물,본,우수,1417,경상북도,경주시,2019-04-25,2029-04-24,공공,
434,연천청산파출소,건축물,본,우수,1424,경기도,연천군,2019-04-29,2029-04-28,공공,
435,인수동 공영주차장,건축물,예비,일반,3339,서울특별시,강북구,2019-04-29,본인증 교부 전 또는 사용승인 후 1년 이내,공공,
436,영양군 로컬푸드직매장,건축물,예비,우수,3351,경상북도,영양군,2019-05-07,본인증 교부 전 또는 사용승인 후 1년 이내,공공,
437,화지중앙시장 화장실,건축물,예비,우수,3352,충청남도,논산시,2019-05-07,본인증 교부 전 또는 사용승인 후 1년 이내,공공,
438,꿈끼 지역아동센터,건축물,본,우수,1435,전라북도,고창군,2019-05-10,2029-05-09,공공,
439,포항북부경찰서,건축물,예비,일반,3367,경상북도,포항시,2019-05-14,본인증 교부 전 또는 사용승인 후 1년 이내,공공,
440,하계문화복지센터,건축물,예비,우수,3368,서울특별시,노원구,2019-05-14,본인증 교부 전 또는 사용승인 후 1년 이내,공공,
441,곰내 줌마아제 희망키움센터,건축물,예비,우수,3369,충청남도,보령시,2019-05-14,본인증 교부 전 또는 사용승인 후 1년 이내,공공,
442,덕유산국립공원 남덕유분소,건축물,예비,우수,3370,경상남도,거창군,2019-05-14,본인증 교부 전 또는 사용승인 후 1년 이내,공공,
443,회화마을 주민공동이용시설,건축물,예비,우수,3374,인천광역시,서구,2019-05-16,본인증 교부 전 또는 사용승인 후 1년 이내,공공,
444,월성수복정경로당,건축물,예비,우수,3400,대구광역시,달서구,2019-05-27,본인증 교부 전 또는 사용승인 후 1년 이내,공공,
445,현서면 공중화장실,건축물,예비,우수,3401,경상북도,청송군,2019-05-27,본인증 교부 전 또는 사용승인 후 1년 이내,공공,
446,이순신대교 전망대 공중화장실,건축물,본,우수,1461,전라남도,여수시,2019-05-29,2029-05-28,공공,
447,광원 보건진료소,건축물,예비,우수,3408,강원도,홍천군,2019-05-29,본인증 교부 전 또는 사용승인 후 1년 이내,공공,
448,인구지킴이 민관공동체 대응센터,건축물,예비,우수,3409,경상북도,영양군,2019-05-29,본인증 교부 전 또는 사용승인 후 1년 이내,공공,
449,진보면 고현리 경로당,건축물,예비,우수,3410,경상북도,청송군,2019-05-29,본인증 교부 전 또는 사용승인 후 1년 이내,공공,
450,유강3어린이공원 공중화장실,건축물,예비,우수,3411,경상북도,포항시,2019-05-29,본인증 교부 전 또는 사용승인 후 1년 이내,공공,
451,파천면 신기2리 경로당,건축물,예비,우수,3412,경상북도,청송군,2019-05-29,본인증 교부 전 또는 사용승인 후 1년 이내,공공,
452,건천읍 행정복합타운,건축물,예비,우수,3436,경상북도,경주시,2019-06-07,본인증 교부 전 또는 사용승인 후 1년 이내,공공,
453,보령 농산물 종합가공 지원센터,건축물,예비,우수,3437,충청남도,보령시,2019-06-07,본인증 교부 전 또는 사용승인 후 1년 이내,공공,
454,홍성경찰서 내포지구대,건축물,예비,우수,3438,충청남도,홍성군,2019-06-07,본인증 교부 전 또는 사용승인 후 1년 이내,공공,
455,담양군 외추보건진료소,건축물,예비,우수,3456,전라남도,담양군,2019-06-14,본인증 교부 전 또는 사용승인 후 1년 이내,공공,
456,국민건강보험공단 평택지사,건축물,예비,우수,3457,경기도,평택시,2019-06-14,본인증 교부 전 또는 사용승인 후 1년 이내,공공,
457,감산리 전천후게이트볼장,건축물,예비,우수,3459,제주특별자치도,서귀포시,2019-06-17,본인증 교부 전 또는 사용승인 후 1년 이내,공공,
458,농업기술원 야외화장실,건축물,예비,우수,3460,제주특별자치도,서귀포시,2019-06-17,본인증 교부 전 또는 사용승인 후 1년 이내,공공,
459,보은군 치매안심센터,건축물,본,우수,1508,충청북도,보은군,2019-06-19,2029-06-18,공공,
460,보령해양경찰서 장항파출소,건축물,예비,우수,3473,충청남도,서천군,2019-06-19,본인증 교부 전 또는 사용승인 후 1년 이내,공공,
461,송정경로당,건축물,예비,우수,3482,부산광역시,해운대구,2019-06-21,본인증 교부 전 또는 사용승인 후 1년 이내,공공,
462,화성서부경찰서 비봉파출소,건축물,본,우수,1527,경기도,화성시,2019-06-26,2029-06-25,공공,
463,일과1리 노인회관,건축물,본,우수,1528,제주특별자치도,서귀포시,2019-06-26,2029-06-25,공공,
464,삽교호 관광지 공중화장실 및 관리창고,건축물,본,우수,1529,충청남도,당진시,2019-06-26,2029-06-25,공공,
465,금곡마을 공중화장실,건축물,예비,우수,3519,광주광역시,북구,2019-07-01,본인증 교부 전 또는 사용승인 후 1년 이내,공공,
466,정선군 장애인보호작업장,건축물,본,우수,1537,강원도,정선군,2019-07-01,2029-06-30,공공,
467,(가칭)논현도서관,건축물,예비,우수,3533,인천광역시,남동구,2019-07-04,본인증 교부 전 또는 사용승인 후 1년 이내,공공,
468,포항 지식산업센터,건축물,예비,우수,3534,경상북도,포항시,2019-07-04,본인증 교부 전 또는 사용승인 후 1년 이내,공공,
469,황성공원내 물놀이장 관리실 및 화장실,건축물,예비,우수,3535,경상북도,경주시,2019-07-04,본인증 교부 전 또는 사용승인 후 1년 이내,공공,
470,고흥군 치매안심센터,건축물,본,우수,1553,전라남도,고흥군,2019-07-09,2029-07-08,공공,
471,만석공원 테마화장실,건축물,예비,우수,3542,경기도,수원시,2019-07-09,본인증 교부 전 또는 사용승인 후 1년 이내,공공,
472,안덕면 복지회관,건축물,본,일반,1555,경상북도,청송군,2019-07-10,2029-07-09,공공,
473,서대문구 보훈회관,건축물,예비,우수,3544,서울특별시,서대문구,2019-07-10,본인증 교부 전 또는 사용승인 후 1년 이내,공공,
474,식품영양복지지원센터,건축물,예비,우수,3545,인천광역시,남동구,2019-07-10,본인증 교부 전 또는 사용승인 후 1년 이내,공공,
475,현동면 당포 경로당,건축물,예비,우수,3585,경상북도,청송군,2019-07-23,본인증 교부 전 또는 사용승인 후 1년 이내,공공,
476,의령문화원사,건축물,예비,우수,3586,경상남도,의령군,2019-07-23,본인증 교부 전 또는 사용승인 후 1년 이내,공공,
477,상북 지곡경로당,건축물,본,우수,1583,울산광역시,울주군,2019-07-25,2029-07-24,공공,
478,두동 계당경로당,건축물,본,우수,1584,울산광역시,울주군,2019-07-25,2029-07-24,공공,
479,서생 진하2리경로당,건축물,본,우수,1585,울산광역시,울주군,2019-07-25,2029-07-24,공공,
480,은빛초등학교,건축물,본,우수,1586,경기도,시흥시,2019-07-25,2029-07-24,공공,
481,내삼미동 드라마세트장 웰컴센터,건축물,예비,우수,3591,경기도,오산시,2019-07-25,본인증 교부 전 또는 사용승인 후 1년 이내,공공,
482,봉화군 농축임산물 전시판매장,건축물,예비,우수,3592,경상북도,봉화군,2019-07-25,본인증 교부 전 또는 사용승인 후 1년 이내,공공,
483,선거장비 지원센터,건축물,예비,우수,3593,경기도,수원시,2019-07-26,본인증 교부 전 또는 사용승인 후 1년 이내,공공,
484,주례1동 우체국,건축물,본,우수,1600,부산광역시,사상구,2019-07-30,2029-07-29,공공,
485,군포3동 주민센터,건축물,예비,우수,3622,경기도,군포시,2019-08-05,본인증 교부 전 또는 사용승인 후 1년 이내,공공,
486,(가칭)마산서초등학교,건축물,예비,우수,3623,경기도,김포시,2019-08-05,본인증 교부 전 또는 사용승인 후 1년 이내,공공,
487,양양군 탁구장 건립공사,건축물,예비,우수,3624,강원도,양양군,2019-08-05,본인증 교부 전 또는 사용승인 후 1년 이내,공공,
488,천안 성정동 어린이공원 지하주차장 및 공중화장실,건축물,예비,우수,3625,충청남도,천안시,2019-08-05,본인증 교부 전 또는 사용승인 후 1년 이내,공공,
489,봉개동 여가문화 교류거점 조성사업,건축물,예비,우수,3631,제주특별자치도,제주시,2019-08-06,본인증 교부 전 또는 사용승인 후 1년 이내,공공,
490,봉화 궁도장 조성사업,건축물,예비,우수,3637,경상북도,봉화군,2019-08-07,본인증 교부 전 또는 사용승인 후 1년 이내,공공,
491,원리119지역대,건축물,본,우수,1627,세종특별자치시,조치원읍,2019-08-13,2029-08-12,공공,
492,정관읍 복지회관,건축물,예비,우수,3668,부산광역시,기장군,2019-08-20,본인증 교부 전 또는 사용승인 후 1년 이내,공공,
493,야시고개 행복센터,건축물,예비,우수,3669,부산광역시,북구,2019-08-20,본인증 교부 전 또는 사용승인 후 1년 이내,공공,
494,안산 시립 하나어린이집,건축물,예비,우수,3688,경기도,안산시,2019-08-27,본인증 교부 전 또는 사용승인 후 1년 이내,공공,
495,여수시치매안심센터,건축물,본,우수,1656,전라남도,여수시,2019-08-30,2029-08-29,공공,
496,횡성 한우 체험관,건축물,본,우수,1664,강원도,횡성군,2019-09-02,2029-09-01,공공,
497,진천군 공립 덕산어린이집,건축물,예비,우수,3707,충청북도,진천군,2019-09-02,본인증 교부 전 또는 사용승인 후 1년 이내,공공,
498,객사3리 경로당,건축물,본,우수,1665,전라남도,담양군,2019-09-03,2029-09-02,공공,
499,㈜아델라7,건축물,예비,우수,3719,부산광역시,남구,2019-09-05,본인증 교부 전 또는 사용승인 후 1년 이내,민간,
500,행궁광장 공중화장실,건축물,본,우수,1687,경기도,수원시,2019-09-10,2029-09-09,공공,
501,주식회사 새롬테크,건축물,본,우수,1688,세종특별자치시,전의면,2019-09-10,2029-09-09,민간,
502,(가칭)해양6초등학교,건축물,예비,우수,3728,인천광역시,연수구,2019-09-10,본인증 교부 전 또는 사용승인 후 1년 이내,공공,
503,김해서부경찰서 율하파출소,건축물,예비,우수,3729,경상남도,김해시,2019-09-10,본인증 교부 전 또는 사용승인 후 1년 이내,공공,
504,테마공원(반려동물 놀이시설) 공중화장실,건축물,예비,우수,3730,경상북도,포항시,2019-09-10,본인증 교부 전 또는 사용승인 후 1년 이내,공공,
505,천안중앙시장 주차빌딩,건축물,예비,우수,3752,충청남도,천안시,2019-09-19,본인증 교부 전 또는 사용승인 후 1년 이내,공공,
506,반여3동 노인복합복지시설,건축물,예비,우수,3765,부산광역시,해운대구,2019-09-25,본인증 교부 전 또는 사용승인 후 1년 이내,공공,
507,봉화 억지춘양시장 공영주차타워,건축물,예비,우수,3767,경상북도,봉화군,2019-09-26,본인증 교부 전 또는 사용승인 후 1년 이내,공공,
508,한마음광장 공중(어업인)화장실,건축물,예비,우수,3768,경상북도,울진군,2019-09-26,본인증 교부 전 또는 사용승인 후 1년 이내,공공,
509,남광주시장 공중화장실,건축물,예비,우수,3769,광주광역시,동구,2019-09-26,본인증 교부 전 또는 사용승인 후 1년 이내,공공,
510,부안해양경찰서 고창파출소,건축물,예비,우수,3772,전라북도,고창군,2019-09-27,본인증 교부 전 또는 사용승인 후 1년 이내,공공,
511,정현초등학교,건축물,본,우수,1721,경기도,화성시,2019-10-07,2029-10-06,공공,
512,양산물금우체국,건축물,본,우수,1723,경상남도,양산시,2019-10-07,2029-10-06,공공,
513,대야시장 공중화장실,건축물,예비,우수,3794,전라북도,군산시,2019-10-08,본인증 교부 전 또는 사용승인 후 1년 이내,공공,
514,근덕 청소년 문화의집,건축물,본,우수,1727,강원도,삼척시,2019-10-11,2029-10-10,공공,
515,서초3동 하나어린이집(가칭),건축물,예비,우수,3801,서울특별시,서초구,2019-10-11,본인증 교부 전 또는 사용승인 후 1년 이내,공공,
516,수산식품산업 거점단지 조성사업,건축물,본,우수,1728,충청남도,보령시,2019-10-11,2029-10-10,공공,
517,충청북도교육청 환경교육센터,건축물,예비,우수,3808,충청북도,청주시,2019-10-16,본인증 교부 전 또는 사용승인 후 1년 이내,공공,
518,행복공동체 노인공동작업장(노인회관),건축물,본,우수,1737,충청남도,논산시,2019-10-16,2029-10-15,공공,
519,"밀양 농어촌관광휴양단지 조성사업(김치테마랜드, 농축임산물종합판매타운, 국제웰니스토리타운)",건축물,예비,우수,3820,경상남도,밀양시,2019-10-22,본인증 교부 전 또는 사용승인 후 1년 이내,공공,
520,신거북시장 주차장 및 판매시설,건축물,예비,우수,3828,인천광역시,서구,2019-10-23,본인증 교부 전 또는 사용승인 후 1년 이내,공공,
521,금마도서관,건축물,예비,우수,3829,전라북도,익산시,2019-10-23,본인증 교부 전 또는 사용승인 후 1년 이내,공공,
522,세종선거관리위원회,건축물,본,우수,1759,세종특별자치시,보람동,2019-10-30,2029-10-29,공공,
523,금구 공영주차타워,건축물,예비,우수,3847,충청북도,옥천군,2019-11-01,본인증 교부 전 또는 사용승인 후 1년 이내,공공,
524,신월경로당,건축물,예비,우수,3848,인천광역시,남동구,2019-11-01,본인증 교부 전 또는 사용승인 후 1년 이내,공공,
525,목천읍 주민자치센터,건축물,예비,우수,3849,충청남도,천안시,2019-11-01,본인증 교부 전 또는 사용승인 후 1년 이내,공공,
526,석보면분회 경로당,건축물,예비,우수,3854,경상북도,영양군,2019-11-04,본인증 교부 전 또는 사용승인 후 1년 이내,공공,
527,호원1동 경로당,건축물,예비,우수,3855,경기도,의정부시,2019-11-04,본인증 교부 전 또는 사용승인 후 1년 이내,공공,
528,도화담2리 생활체육시설,건축물,예비,우수,3856,충청남도,보령시,2019-11-04,본인증 교부 전 또는 사용승인 후 1년 이내,공공,
529,정이있는 구포시장 고객편의시설,건축물,본,우수,1780,부산광역시,북구,2019-11-04,2029-11-03,공공,
530,하남3지구 주차전용건축물 1,건축물,예비,우수,3884,광주광역시,광산구,2019-11-15,본인증 교부 전 또는 사용승인 후 1년 이내,공공,
531,제주 국립산림생태관리센터(사무동),건축물,예비,우수,3885,제주특별자치도,서귀포시,2019-11-15,본인증 교부 전 또는 사용승인 후 1년 이내,공공,
532,제주 국립산림생태관리센터(지원동),건축물,예비,우수,3886,제주특별자치도,서귀포시,2019-11-15,본인증 교부 전 또는 사용승인 후 1년 이내,공공,
533,화지중앙시장 화장실,건축물,본,우수,1799,충청남도,논산시,2019-11-15,2029-11-14,공공,
534,논산시 공영주차장 주차타워,건축물,예비,우수,3891,충청남도,논산시,2019-11-18,본인증 교부 전 또는 사용승인 후 1년 이내,공공,
535,문경시 청정식물원 내 체험 및 판매장,건축물,예비,우수,3895,경상북도,문경시,2019-11-19,본인증 교부 전 또는 사용승인 후 1년 이내,공공,
536,안동시 북후면 농촌중심지활성화 공중화장실,건축물,예비,우수,3907,경상북도,안동시,2019-11-21,본인증 교부 전 또는 사용승인 후 1년 이내,공공,
537,의령 농가형 전통장류 활성화센터,건축물,예비,우수,3908,경상남도,의령군,2019-11-21,본인증 교부 전 또는 사용승인 후 1년 이내,공공,
538,전하3통 경로당,건축물,예비,우수,3920,경상남도,김해시,2019-11-26,본인증 교부 전 또는 사용승인 후 1년 이내,공공,
539,신양1리 마을회관,건축물,예비,우수,3924,제주특별자치도,제주시,2019-11-26,본인증 교부 전 또는 사용승인 후 1년 이내,공공,
540,걸포3지구 중앙공원 관리사무소,건축물,예비,우수,3925,경기도,김포시,2019-11-26,본인증 교부 전 또는 사용승인 후 1년 이내,공공,
541,바람숲 화장실,건축물,본,우수,1831,전라북도,고창군,2019-11-27,2029-11-26,공공,
542,남해군 가인포보건진료소,건축물,본,우수,1835,경상남도,남해군,2019-11-29,2029-11-28,공공,
543,강동파출소,건축물,예비,우수,3932,강원도,강릉시,2019-11-29,본인증 교부 전 또는 사용승인 후 1년 이내,공공,
544,이팝문화센터,건축물,예비,우수,3933,경상남도,양산시,2019-11-29,본인증 교부 전 또는 사용승인 후 1년 이내,공공,
545,서귀포시 신효경로당,건축물,예비,우수,3934,제주특별자치도,서귀포시,2019-11-29,본인증 교부 전 또는 사용승인 후 1년 이내,공공,
546,비산1동 행정복지센터,건축물,예비,우수,3935,경기도,안양시,2019-11-29,본인증 교부 전 또는 사용승인 후 1년 이내,공공,
547,달서영어도서관,건축물,본,우수,1836,대구광역시,달서구,2019-11-29,2029-11-28,공공,
548,(가칭)옥정10초등학교,건축물,예비,우수,3936,경기도,양주시,2019-11-29,본인증 교부 전 또는 사용승인 후 1년 이내,공공,
549,송이연어푸드디자인센터,건축물,예비,우수,3972,강원도,양양군,2019-12-09,본인증 교부 전 또는 사용승인 후 1년 이내,공공,
550,입암면분회(신구리) 경로당,건축물,본,우수,1867,경상북도,영양군,2019-12-16,2029-12-15,공공,
551,무돌길(금곡마을) 공중화장실,건축물,본,우수,1870,광주광역시,북구,2019-12-17,2029-12-16,공공,
552,의왕 청소년 문화의 집,건축물,본,우수,1871,경기도,의왕시,2019-12-17,2029-12-16,공공,
553,"청도군 각북면 농촌중심지 활성화사업(행복주민센터, 주민행복마당)",건축물,예비,우수,3995,경상북도,청도군,2019-12-17,본인증 교부 전 또는 사용승인 후 1년 이내,공공,
554,모퉁이보호작업장,건축물,본,우수,1877,인천광역시,미추홀구,2019-12-18,2029-12-17,민간,
555,외추보건진료소,건축물,본,우수,1878,전라남도,담양군,2019-12-18,2029-12-17,공공,
556,고성향토역사관,건축물,예비,우수,4006,경상남도,고성군,2019-12-18,본인증 교부 전 또는 사용승인 후 1년 이내,공공,
557,북내 실내체육관,건축물,예비,우수,4007,경기도,여주시,2019-12-18,본인증 교부 전 또는 사용승인 후 1년 이내,공공,
558,고등동 행정복지센터,건축물,예비,우수,4008,경기도,수원시,2019-12-18,본인증 교부 전 또는 사용승인 후 1년 이내,공공,
559,일월면분회 경로당,건축물,예비,우수,4009,경상북도,영양군,2019-12-18,본인증 교부 전 또는 사용승인 후 1년 이내,공공,
560,(가칭)녹촌유지원,건축물,예비,우수,4010,경기도,남양주시,2019-12-18,본인증 교부 전 또는 사용승인 후 1년 이내,공공,
561,여자중계민원처리소,건축물,예비,우수,4011,전라남도,여수시,2019-12-18,본인증 교부 전 또는 사용승인 후 1년 이내,공공,
562,홍천 무궁화수목원 방문자센터,건축물,예비,우수,4012,강원도,홍천군,2019-12-18,본인증 교부 전 또는 사용승인 후 1년 이내,공공,
563,복항마을(매미성) 공중화장실,건축물,본,우수,1885,경상남도,거제시,2019-12-19,2029-12-18,공공,
564,중화2동 주민공동이용시설,건축물,예비,우수,4017,서울특별시,중랑구,2019-12-19,본인증 교부 전 또는 사용승인 후 1년 이내,공공,
565,정선군 청소년수련관,건축물,본,우수,1893,강원도,정선군,2019-12-20,2029-12-19,공공,
566,(가칭)감일고등학교,건축물,예비,우수,4024,경기도,하남시,2019-12-20,본인증 교부 전 또는 사용승인 후 1년 이내,공공,
567,도요문화센터,건축물,예비,우수,4025,경상남도,양산시,2019-12-20,본인증 교부 전 또는 사용승인 후 1년 이내,공공,
568,주민치유마당 화장실,건축물,예비,우수,4026,경상남도,양산시,2019-12-20,본인증 교부 전 또는 사용승인 후 1년 이내,공공,
569,공주시노인회관,건축물,예비,우수,4027,충청남도,공주시,2019-12-20,본인증 교부 전 또는 사용승인 후 1년 이내,공공,
570,국립서해안기후대기센터,건축물,예비,우수,4028,충청남도,홍성군,2019-12-20,본인증 교부 전 또는 사용승인 후 1년 이내,공공,
571,용담호수 둘레길 화장실A(화장실 및 관리사),건축물,본,우수,1935,경기도,용인시,2020-01-02,2030-01-01,공공,
572,용담호수 둘레길 화장실B(자동차화장실),건축물,본,우수,1936,경기도,용인시,2020-01-02,2030-01-01,공공,
573,(가칭)송정초등학교,건축물,예비,우수,4084,경기도,용인시,2020-01-06,본인증 교부 전 또는 사용승인 후 1년 이내,공공,
574,인천 삼산경찰서 부개파출소,건축물,예비,우수,4099,인천광역시,부평구,2020-01-10,본인증 교부 전 또는 사용승인 후 1년 이내,공공,
575,행복문화센터(개금3동사),건축물,예비,우수,4106,부산광역시,부산진구,2020-01-14,본인증 교부 전 또는 사용승인 후 1년 이내,공공,
576,신곡2동 신촌경로당,건축물,예비,우수,4111,경기도,의정부시,2020-01-16,본인증 교부 전 또는 사용승인 후 1년 이내,공공,
577,양서군립어린이집 및 육아종합지원센터 복합시설,건축물,예비,우수,4113,경기도,양평군,2020-01-17,본인증 교부 전 또는 사용승인 후 1년 이내,공공,
578,포스코휴먼스 사무동,건축물,예비,우수,4121,경상북도,포항시,2020-01-21,본인증 교부 전 또는 사용승인 후 1년 이내,민간,
579,시민봉사지원센터 및 장애인회관,건축물,예비,우수,4130,충청남도,당진시,2020-01-23,본인증 교부 전 또는 사용승인 후 1년 이내,공공,
580,부개2동 하나어린이집,건축물,예비,우수,4131,인천광역시,부평구,2020-01-23,본인증 교부 전 또는 사용승인 후 1년 이내,공공,
581,서부3리 경로당,건축물,본,우수,1990,경상북도,영양군,2020-01-31,2030-01-30,공공,
582,DMZ 친환경 경제순환센터,건축물,예비,우수,4163,강원도,양구군,2020-02-04,본인증 교부 전 또는 사용승인 후 1년 이내,공공,
583,석수3동 행정복지센터,건축물,본,우수,2017,경기도,안양시,2020-02-17,2030-02-16,공공,
584,부여군 노인회관,건축물,예비,우수,4200,충청남도,부여군,2020-02-17,본인증 교부 전 또는 사용승인 후 1년 이내,공공,
585,법환 경로당,건축물,예비,우수,4212,제주특별자치도,서귀포시,2020-02-19,본인증 교부 전 또는 사용승인 후 1년 이내,공공,
586,손불지구 어촌뉴딜300사업,건축물,예비,우수,4213,전라남도,함평군,2020-02-19,본인증 교부 전 또는 사용승인 후 1년 이내,공공,
587,왕산해수욕장 공중화장실,건축물,예비,우수,4217,인천광역시,중구,2020-02-20,본인증 교부 전 또는 사용승인 후 1년 이내,공공,
588,부여 송국리유적 정비 중 화장실,건축물,예비,우수,4227,충청남도,부여군,2020-02-24,본인증 교부 전 또는 사용승인 후 1년 이내,공공,
589,백양체육공원 공중화장실,건축물,본,우수,2039,부산광역시,북구,2020-02-24,2030-02-23,공공,
590,"옥룡 17, 18통 경로당",건축물,예비,우수,4228,충청남도,공주시,2020-02-24,본인증 교부 전 또는 사용승인 후 1년 이내,공공,
591,곤지암 다목적회관,건축물,본,우수,2054,경기도,광주시,2020-02-26,2030-02-25,공공,
592,보령해양경찰서 장항파출소,건축물,본,우수,2057,충청남도,서천군,2020-02-28,2030-02-27,공공,
593,양주경찰서 옥정파출소,건축물,예비,우수,4239,경기도,양주시,2020-02-28,본인증 교부 전 또는 사용승인 후 1년 이내,공공,
594,안동경찰서,건축물,예비,우수,4243,경상북도,안동시,2020-03-02,본인증 교부 전 또는 사용승인 후 1년 이내,공공,
595,통합청주시 상당구청사,건축물,본,우수,2071,충청북도,청주시,2020-03-09,2030-03-08,공공,
596,강화온수우체국,건축물,본,우수,2081,인천광역시,강화군,2020-03-11,2030-03-10,공공,
597,안덕보건지소 증축동,건축물,예비,우수,4287,제주특별자치도,서귀포시,2020-03-13,본인증 교부 전 또는 사용승인 후 1년 이내,공공,
598,곰내 줌마아제 희망키움센터,건축물,본,우수,2098,충청남도,보령시,2020-03-18,2030-03-17,공공,
599,인제 원통시장 주차장,건축물,예비,우수,4305,강원도,인제군,2020-03-18,본인증 교부 전 또는 사용승인 후 1년 이내,공공,
600,매포공동복지목욕탕,건축물,예비,우수,4306,충청북도,단양군,2020-03-18,본인증 교부 전 또는 사용승인 후 1년 이내,공공,
601,장평시장 시설현대화사업,건축물,본,우수,2103,전라남도,장흥군,2020-03-19,2030-03-18,공공,
602,묵동 장미마을 어르신문화센터,건축물,예비,우수,4315,서울특별시,중랑구,2020-03-20,본인증 교부 전 또는 사용승인 후 1년 이내,공공,
603,마포구 거점형 공공직장어린이집,건축물,예비,우수,4323,서울특별시,마포구,2020-03-20,본인증 교부 전 또는 사용승인 후 1년 이내,공공,
604,철원군 공공산후조리원 및 의료인숙소,건축물,본,우수,2110,강원도,철원군,2020-03-23,2030-03-22,공공,
605,야시고개 행복센터,건축물,본,우수,2111,부산광역시,북구,2020-03-23,2030-03-22,공공,
606,원당문화체육센터,건축물,예비,우수,4324,인천광역시,서구,2020-03-23,본인증 교부 전 또는 사용승인 후 1년 이내,공공,
607,(가칭)위례7유치원,건축물,예비,우수,4330,경기도,하남시,2020-03-24,본인증 교부 전 또는 사용승인 후 1년 이내,공공,
608,가야산 백운분소,건축물,예비,우수,4343,경상북도,성주군,2020-03-27,본인증 교부 전 또는 사용승인 후 1년 이내,공공,
609,호원1동 경로당,건축물,본,우수,2129,경기도,의정부시,2020-03-31,2030-03-30,공공,
610,동대문경찰서 장안1파출소,건축물,본,우수,2137,서울특별시,동대문구,2020-04-06,2030-04-05,공공,
611,천안두정(복합) 행복주택,건축물,예비,우수,4371,충청남도,천안시,2020-04-06,본인증 교부 전 또는 사용승인 후 1년 이내,공공,
612,화성 동탄 제7중학교,건축물,본,우수,2145,경기도,화성시,2020-04-09,2030-04-08,공공,
613,애월읍 레포츠공원 다목적실(공중화장실 및 야외공연장),건축물,본,우수,2146,제주특별자치도,제주시,2020-04-09,2030-04-08,공공,
614,안산 시립 하나어린이집,건축물,본,우수,2147,경기도,안산시,2020-04-09,2030-04-08,공공,
615,성서산업단지 재생시행계획 수립 용역 B필지 주차장,건축물,예비,우수,4389,대구광역시,달서구,2020-04-09,본인증 교부 전 또는 사용승인 후 1년 이내,공공,
616,성서산업단지 재생시행계획 수립 용역 E필지 주차장,건축물,예비,우수,4390,대구광역시,달서구,2020-04-09,본인증 교부 전 또는 사용승인 후 1년 이내,공공,
617,성서산업단지 재생시행계획 수립 용역 A필지 주차장,건축물,예비,우수,4391,대구광역시,달서구,2020-04-09,본인증 교부 전 또는 사용승인 후 1년 이내,공공,
618,전라남도 서남권 해양수산 종합지원관,건축물,본,우수,2165,전라남도,목포시,2020-04-16,2030-04-15,공공,
619,지족어촌관광단지내 공중화장실,건축물,본,우수,2166,경상남도,남해군,2020-04-16,2030-04-15,공공,
620,전북혁신도시 복합혁신센터,건축물,예비,일반,4401,전라북도,전주시,2020-04-16,본인증 교부 전 또는 사용승인 후 1년 이내,공공,
621,순창경찰서,건축물,예비,우수,4436,전라북도,순창군,2020-04-27,본인증 교부 전 또는 사용승인 후 1년 이내,공공,
622,신안군 임자읍 공립형 지역아동센터,건축물,예비,우수,4437,전라남도,신안군,2020-04-27,본인증 교부 전 또는 사용승인 후 1년 이내,공공,
623,시흥시 대야3지구 어린이공원 내 공원관리사무소 및 공중화장실,건축물,예비,우수,4438,경기도,시흥시,2020-04-27,본인증 교부 전 또는 사용승인 후 1년 이내,공공,
624,삼척 샛별하나어린이집,건축물,본,우수,2209,강원도,삼척시,2020-04-29,2030-04-28,공공,
625,가야산국립공원 롯데공중화장실,건축물,예비,우수,4456,경상남도,합천군,2020-05-06,본인증 교부 전 또는 사용승인 후 1년 이내,공공,
626,커뮤니티 거점 조성 및 사회적 경제 종합지원센터,건축물,예비,우수,4477,충청남도,아산시,2020-05-11,본인증 교부 전 또는 사용승인 후 1년 이내,공공,
627,금산군 진산면 체육센터,건축물,예비,우수,4478,충청남도,금산군,2020-05-11,본인증 교부 전 또는 사용승인 후 1년 이내,공공,
628,호계커뮤니티센터,건축물,본,우수,2217,울산광역시,북구,2020-05-11,2030-05-10,공공,
629,송정동경로당,건축물,본,우수,2236,부산광역시,해운대구,2020-05-15,2030-05-14,공공,
630,만석공원 맹꽁이화장실,건축물,본,우수,2237,경기도,수원시,2020-05-15,2030-05-14,공공,
631,상하화보건진료소,건축물,예비,우수,4503,전라남도,여수시,2020-05-15,본인증 교부 전 또는 사용승인 후 1년 이내,공공,
632,천안 성정동 어린이공원 지하주차장 및 공중화장실,건축물,본,우수,2243,충청남도,천안시,2020-05-18,2030-05-17,공공,
633,금산 상리지구 공영주차타워,건축물,예비,우수,4541,충청남도,금산군,2020-05-26,본인증 교부 전 또는 사용승인 후 1년 이내,공공,
634,연천경찰서 전곡파출소,건축물,본,우수,2263,경기도,연천군,2020-05-27,2030-05-26,공공,
635,부평구 십정동 어린이집,건축물,예비,우수,4558,인천광역시,부평구,2020-05-28,본인증 교부 전 또는 사용승인 후 1년 이내,공공,
636,고양경찰서 도래울파출소,건축물,예비,우수,4567,경기도,고양시,2020-05-29,본인증 교부 전 또는 사용승인 후 1년 이내,공공,
637,지혜의 숲 도서관,건축물,예비,우수,4589,인천광역시,강화군,2020-06-08,본인증 교부 전 또는 사용승인 후 1년 이내,공공,
638,태백 매봉산 산악관광 조성사업 치유의 숲(치유센터 및 숲속의 집),건축물,예비,우수,4591,강원도,태백시,2020-06-09,본인증 교부 전 또는 사용승인 후 1년 이내,공공,
639,한수리 마을복지관,건축물,본,우수,2318,제주특별자치도,제주시,2020-06-19,2030-06-18,공공,
640,서산시 도로시설관리소,건축물,본,우수,2329,충청남도,서산시,2020-06-24,2030-06-23,공공,
641,(가칭)서울우이유치원,건축물,예비,우수,4639,서울특별시,강북구,2020-06-25,본인증 교부 전 또는 사용승인 후 1년 이내,공공,
642,연동 인근 경로당,건축물,예비,우수,4640,전라남도,목포시,2020-06-25,본인증 교부 전 또는 사용승인 후 1년 이내,공공,
643,강동하나어린이집,건축물,예비,우수,4645,울산광역시,북구,2020-06-25,본인증 교부 전 또는 사용승인 후 1년 이내,공공,
644,"묵호덕장마을 문화관광자원화 사업 “문화팩토리, 덕장”",건축물,예비,우수,4644,강원도,동해시,2020-06-25,본인증 교부 전 또는 사용승인 후 1년 이내,공공,
645,성서동 제2공영주차장 주차타워,건축물,본,우수,2358,충청북도,충주시,2020-07-03,2030-07-02,공공,
646,행궁동 도시재생거점센터,건축물,본,우수,2360,경기도,수원시,2020-07-03,2030-07-02,공공,
647,인천미추홀경찰서 숭의지구대,건축물,예비,우수,4667,인천광역시,미추홀구,2020-07-03,본인증 교부 전 또는 사용승인 후 1년 이내,공공,
648,우포보건진료소 및 우포경로당,건축물,예비,우수,4670,전라북도,군산시,2020-07-06,본인증 교부 전 또는 사용승인 후 1년 이내,공공,
649,거여2재정비촉진구역 1지구 주택재개발 정비사업,건축물,예비,우수,4678,서울특별시,송파구,2020-07-06,본인증 교부 전 또는 사용승인 후 1년 이내,민간,
650,신곡2동 신촌경로당,건축물,본,우수,2369,경기도,의정부시,2020-07-07,2030-07-06,공공,
651,거제4동 복합센터,건축물,예비,우수,4692,부산광역시,연제구,2020-07-08,본인증 교부 전 또는 사용승인 후 1년 이내,공공,
652,신흥3동 2525번지 일원 공영주차장,건축물,예비,일반,4693,경기도,성남시,2020-07-08,본인증 교부 전 또는 사용승인 후 1년 이내,공공,
653,봉동리5구 노인여가복지시설(경로당),건축물,예비,우수,4694,전라남도,구례군,2020-07-08,본인증 교부 전 또는 사용승인 후 1년 이내,공공,
654,화성 동탄 제16초등학교,건축물,본,우수,2396,경기도,화성시,2020-07-16,2030-07-15,공공,
655,상도리 다목적회관,건축물,본,우수,2397,제주특별자치도,제주시,2020-07-16,2030-07-15,공공,
656,외동 함박공원 내 경로당,건축물,예비,우수,4729,경상남도,김해시,2020-07-16,본인증 교부 전 또는 사용승인 후 1년 이내,공공,
657,고성 충효교육관,건축물,본,우수,2402,경상남도,고성군,2020-07-20,2030-07-19,공공,
658,익산시 서부권 로컬푸드 직매장,건축물,예비,우수,4752,전라북도,익산시,2020-07-23,본인증 교부 전 또는 사용승인 후 1년 이내,공공,
659,한국지역정보개발원 청사,건축물,예비,우수,4757,서울특별시,마포구,2020-07-23,본인증 교부 전 또는 사용승인 후 1년 이내,민간,
660,(가칭)고덕10 초등학교,건축물,예비,일반,4769,경기도,평택시,2020-07-27,본인증 교부 전 또는 사용승인 후 1년 이내,공공,
661,내수전 경로당,건축물,예비,우수,4779,경상북도,울릉군,2020-07-28,본인증 교부 전 또는 사용승인 후 1년 이내,공공,
662,녹동청춘마루,건축물,본,우수,2422,전라남도,고흥군,2020-07-29,2030-07-28,공공,
663,안산서부 건강생활지원센터,건축물,본,우수,2423,경기도,안산시,2020-07-29,2030-07-28,공공,
664,부안상설시장 주차장,건축물,예비,우수,4787,전라북도,부안군,2020-07-29,본인증 교부 전 또는 사용승인 후 1년 이내,공공,
665,우성면 귀산보건진료소,건축물,예비,우수,4788,충청남도,공주시,2020-07-29,본인증 교부 전 또는 사용승인 후 1년 이내,공공,
666,돈내코 마을회관 및 노인복지시설,건축물,예비,우수,4795,제주특별자치도,서귀포시,2020-07-31,본인증 교부 전 또는 사용승인 후 1년 이내,공공,
667,가조면 마상리 화장실,건축물,본,우수,2439,경상남도,거창군,2020-08-04,2030-08-03,공공,
668,화성동탄경찰서 반월파출소,건축물,본,우수,2446,경기도,화성시,2020-08-06,2030-08-05,공공,
669,부안해양경찰서 고창파출소,건축물,본,우수,2449,전라북도,고창군,2020-08-07,2030-08-06,공공,
670,남해각 재생사업 공중화장실,건축물,예비,우수,4853,경상남도,남해군,2020-08-13,본인증 교부 전 또는 사용승인 후 1년 이내,공공,
671,국공립 중흥하나어린이집,건축물,예비,우수,4861,광주광역시,북구,2020-08-14,본인증 교부 전 또는 사용승인 후 1년 이내,공공,
672,영양군 로컬푸드직매장,건축물,본,우수,2459,경상북도,영양군,2020-08-14,2030-08-13,공공,
673,왕산해수욕장 공중화장실,건축물,본,우수,2460,인천광역시,중구,2020-08-14,2030-08-13,공공,
674,용산2가동 47-2 공영주차장,건축물,예비,우수,4872,서울특별시,용산구,2020-08-19,본인증 교부 전 또는 사용승인 후 1년 이내,공공,
675,나라키움 수원통합청사,건축물,예비,우수,4874,경기도,수원시,2020-08-19,본인증 교부 전 또는 사용승인 후 1년 이내,공공,
676,하나금융그룹 원주시 국공립어린이집,건축물,예비,우수,4882,강원도,원주시,2020-08-21,본인증 교부 전 또는 사용승인 후 1년 이내,공공,
677,송이·연어푸드 디자인센터,건축물,본,우수,2478,강원도,양양군,2020-08-24,2030-08-23,공공,
678,양양생활체육센터,건축물,본,우수,2479,강원도,양양군,2020-08-24,2030-08-23,공공,
679,안동 반다비체육센터,건축물,예비,우수,4884,경상북도,안동시,2020-08-24,본인증 교부 전 또는 사용승인 후 1년 이내,공공,
680,탑정호 출렁다리 다목적관리사무소,건축물,예비,우수,4885,충청남도,논산시,2020-08-24,본인증 교부 전 또는 사용승인 후 1년 이내,공공,
681,남·북 1.8 평화센터,건축물,예비,우수,4907,인천광역시,강화군,2020-08-26,본인증 교부 전 또는 사용승인 후 1년 이내,공공,
682,농업기술원 야외화장실,건축물,본,우수,2498,제주특별자치도,서귀포시,2020-09-02,2030-09-01,공공,
683,순창 실내야구연습장,건축물,예비,우수,4944,전라북도,순창군,2020-09-02,본인증 교부 전 또는 사용승인 후 1년 이내,공공,
684,양주시 장흥 문턱없는 아트화장실(1동),건축물,예비,우수,4968,경기도,양주시,2020-09-09,본인증 교부 전 또는 사용승인 후 1년 이내,공공,
685,구암1동 제3경로당,건축물,예비,우수,4969,경상남도,창원시,2020-09-10,본인증 교부 전 또는 사용승인 후 1년 이내,공공,
686,고성군청소년센터 온,건축물,본,우수,2518,경상남도,고성군,2020-09-10,2030-09-09,공공,
687,관세평가분류원,건축물,본,우수,2519,세종특별자치시,반곡동,2020-09-11,2030-09-10,공공,
688,(주)아델라7,건축물,본,우수,2520,부산광역시,남구,2020-09-11,2030-09-10,민간,
689,신기동 공영주차장,건축물,예비,우수,4989,전라남도,여수시,2020-09-17,본인증 교부 전 또는 사용승인 후 1년 이내,공공,
690,고령군 지산리 공영주차타워,건축물,예비,우수,4990,경상북도,고령군,2020-09-17,본인증 교부 전 또는 사용승인 후 1년 이내,공공,
691,CGV 고성,건축물,본,우수,2535,경상남도,고성군,2020-09-21,2030-09-20,공공,
692,고성 송학동 고분군 화장실,건축물,예비,우수,5033,경상남도,고성군,2020-09-25,본인증 교부 전 또는 사용승인 후 1년 이내,공공,
693,가재울마을 커뮤니티센터,건축물,본,우수,2549,인천광역시,서구,2020-09-25,2030-09-24,공공,
694,생태문화도서관,건축물,예비,우수,5034,서울특별시,도봉구,2020-09-25,본인증 교부 전 또는 사용승인 후 1년 이내,공공,
695,전라남도 여수시 장성지구 공영주차장,건축물,예비,우수,5035,전라남도,여수시,2020-09-25,본인증 교부 전 또는 사용승인 후 1년 이내,공공,
696,송림근린공원 공중화장실,건축물,본,우수,2554,전라남도,목포시,2020-09-28,2030-09-27,공공,
697,우수영 5일시장 공중화장실,건축물,예비,우수,5042,전라남도,해남군,2020-09-28,본인증 교부 전 또는 사용승인 후 1년 이내,공공,
698,신월경로당,건축물,본,우수,2568,인천광역시,남동구,2020-10-05,2030-10-04,공공,
699,행복모아주식회사 제빵공장,건축물,예비,최우수,5051,경기도,이천시,2020-10-05,본인증 교부 전 또는 사용승인 후 1년 이내,민간,
700,북벽지구 테마공원 조성사업(북벽센터) ,건축물,예비,우수,5065,충청북도,단양군,2020-10-08,본인증 교부 전 또는 사용승인 후 1년 이내,공공,
701,장항의 집,건축물,본,우수,2594,충청남도,서천군,2020-10-14,2030-10-13,공공,
702,거창 하천환경교육센터,건축물,본,일반,2613,경상남도,거창군,2020-10-22,2030-10-21,공공,
703,남광주시장 공중화장실,건축물,본,우수,2614,광주광역시,동구,2020-10-22,2030-10-21,공공,
704,개운어린이공원 지하주차장,건축물,본,우수,2615,경기도,광명시,2020-10-22,2030-10-21,공공,
705,경상북도김천교육지원청 학생문화예술센터,건축물,본,우수,2616,경상북도,김천시,2020-10-22,2030-10-21,공공,
706,송파 구립 거여하나어린이집,건축물,예비,우수,5107,서울특별시,송파구,2020-10-22,본인증 교부 전 또는 사용승인 후 1년 이내,공공,
707,치유센터 조성사업,건축물,예비,우수,5113,충청남도,공주시,2020-10-23,본인증 교부 전 또는 사용승인 후 1년 이내,공공,
708,신태인읍 행정문화복합센터,건축물,예비,우수,5114,전라북도,정읍시,2020-10-23,본인증 교부 전 또는 사용승인 후 1년 이내,공공,
709,대야시장 인근 편의시설,건축물,본,우수,2624,전라북도,군산시,2020-10-26,2030-10-25,공공,
710,정량천 생태하천 공중화장실,건축물,예비,우수,5118,경상남도,통영시,2020-10-26,본인증 교부 전 또는 사용승인 후 1년 이내,공공,
711,화서시장 공영주차장,건축물,예비,우수,5121,경기도,수원시,2020-10-27,본인증 교부 전 또는 사용승인 후 1년 이내,공공,
712,성남동 다목적체육관,건축물,예비,우수,5122,대전광역시,동구,2020-10-27,본인증 교부 전 또는 사용승인 후 1년 이내,공공,
713,서부권 건강생활지원센터,건축물,예비,우수,5136,강원도,원주시,2020-10-28,본인증 교부 전 또는 사용승인 후 1년 이내,공공,
714,전하3통 경로당,건축물,본,우수,2642,경상남도,김해시,2020-10-28,2030-10-27,공공,
715,풍덕천 경로당,건축물,본,우수,2664,경기도,용인시,2020-11-05,2030-11-04,공공,
716,점동면 공공청사 복합건립사업,건축물,예비,일반,5170,경기도,여주시,2020-11-05,본인증 교부 전 또는 사용승인 후 1년 이내,공공,
717,북부시장 제1주차장 카페,건축물,본,우수,2665,충청북도,청주시,2020-11-06,2030-11-05,공공,
718,부산오페라하우스,건축물,예비,우수,5175,부산광역시,동구,2020-11-09,본인증 교부 전 또는 사용승인 후 1년 이내,공공,
719,합덕제 농어촌테마공원 샤워실,건축물,예비,우수,5176,충청남도,당진시,2020-11-09,본인증 교부 전 또는 사용승인 후 1년 이내,공공,
720,서울특별시 광진구 구의동 업무시설,건축물,예비,우수,5195,서울특별시,광진구,2020-11-13,본인증 교부 전 또는 사용승인 후 1년 이내,공공,
721,공립 별빛하나 어린이집,건축물,본,우수,2693,제주특별자치도,서귀포시,2020-11-18,2030-11-17,공공,
722,문수산 편백숲 주차장 조성사업,건축물,예비,우수,5224,전라북도,고창군,2020-11-19,본인증 교부 전 또는 사용승인 후 1년 이내,공공,
723,운호마을 공중화장실,건축물,예비,우수,5225,전라북도,부안군,2020-11-19,본인증 교부 전 또는 사용승인 후 1년 이내,공공,
724,김해 한글박물관,건축물,본,우수,2696,경상남도,김해시,2020-11-19,2030-11-18,공공,
725,서대문구청 별관,건축물,본,우수,2697,서울특별시,서대문구,2020-11-19,2030-11-18,공공,
726,회화마을 커뮤니티센터,건축물,본,우수,2725,인천광역시,서구,2020-11-26,2030-11-25,공공,
727,임실N농특산물 유통센터,건축물,예비,우수,5242,전라북도,임실군,2020-11-26,본인증 교부 전 또는 사용승인 후 1년 이내,공공,
728,한마음광장 공중(어업인)화장실,건축물,본,우수,2726,경상북도,울진군,2020-11-26,2030-11-25,공공,
729,부여군 가족행복센터,건축물,본,우수,2727,충청남도,부여군,2020-11-26,2030-11-25,공공,
730,서대문구 구립 가재울청소년센터,건축물,예비,우수,5253,서울특별시,서대문구,2020-11-30,본인증 교부 전 또는 사용승인 후 1년 이내,공공,
731,배곧어울림센터-2,건축물,예비,우수,5254,경기도,시흥시,2020-11-30,본인증 교부 전 또는 사용승인 후 1년 이내,공공,
732,보령시 농산물가공 지원센터,건축물,본,우수,2732,충청남도,보령시,2020-11-30,2030-11-29,공공,
733,강남구 논현동 공공시설,건축물,예비,우수,5273,서울특별시,강남구,2020-12-04,본인증 교부 전 또는 사용승인 후 1년 이내,공공,
734,효석문화예술촌 마중전시관,건축물,본,우수,2779,강원도,평창군,2020-12-10,2030-12-09,공공,
735,효석문화예술촌 꿈꾸는 달,건축물,본,우수,2780,강원도,평창군,2020-12-10,2030-12-09,공공,
736,영동 부용 고령자복지주택 사회복지시설,건축물,예비,우수,5291,충청북도,영동군,2020-12-10,본인증 교부 전 또는 사용승인 후 1년 이내,민간,
737,덕유산국립공원 남덕유분소,건축물,본,우수,2783,경상남도,거창군,2020-12-10,2030-12-09,공공,
738,(가칭)능평초등학교,건축물,예비,우수,5294,경기도,광주시,2020-12-10,본인증 교부 전 또는 사용승인 후 1년 이내,공공,
739,계화면 농촌중심지활성화사업 계화공원 화장실,건축물,예비,우수,5295,전라북도,부안군,2020-12-10,본인증 교부 전 또는 사용승인 후 1년 이내,공공,
740,공립치매전담형 주야간보호시설 공용청사,건축물,예비,우수,5296,전라북도,부안군,2020-12-10,본인증 교부 전 또는 사용승인 후 1년 이내,공공,
741,시흥시 대야3지구 어린이공원 내 공원관리사무소 및 공중화장실,건축물,본,우수,2797,경기도,시흥시,2020-12-14,2030-12-13,공공,
742,안동시 북후면 농촌중심지활성화사업 공중화장실,건축물,본,우수,2798,경상북도,안동시,2020-12-14,2030-12-13,공공,
743,유토피아 갤러리,건축물,예비,우수,5302,제주특별자치도,서귀포시,2020-12-14,본인증 교부 전 또는 사용승인 후 1년 이내,공공,
744,국립농산물품질관리원충남지원 청양사무소,건축물,예비,우수,5317,충청남도,청양군,2020-12-17,본인증 교부 전 또는 사용승인 후 1년 이내,공공,
745,의령군 작은영화관,건축물,예비,우수,5318,경상남도,의령군,2020-12-17,본인증 교부 전 또는 사용승인 후 1년 이내,공공,
746,포항남부경찰서 청림파출소,건축물,예비,우수,5319,경상북도,포항시,2020-12-17,본인증 교부 전 또는 사용승인 후 1년 이내,공공,
747,의당면 요룡1리 경로당,건축물,예비,우수,5328,충청남도,공주시,2020-12-21,본인증 교부 전 또는 사용승인 후 1년 이내,공공,
748,만덕동심공원 지하공영주차장,건축물,본,일반,2832,부산광역시,북구,2020-12-21,2030-12-20,공공,
749,진남배드민턴 전용구장,건축물,예비,우수,5374,전라남도,여수시,2021-01-04,본인증 교부 전 또는 사용승인 후 1년 이내,공공,
750,군포시 가족센터,건축물,예비,우수,5375,경기도,군포시,2021-01-04,본인증 교부 전 또는 사용승인 후 1년 이내,공공,
751,하남3지구 주차전용건축물 1,건축물,본,우수,2886,광주광역시,광산구,2021-01-05,2031-01-04,공공,
752,화장동 공영주차장,건축물,예비,우수,5378,전라남도,여수시,2021-01-05,본인증 교부 전 또는 사용승인 후 1년 이내,공공,
753,사상구 구립목욕탕,건축물,예비,우수,5379,부산광역시,사상구,2021-01-05,본인증 교부 전 또는 사용승인 후 1년 이내,공공,
754,서귀중앙초 병설유치원 증축공사,건축물,예비,우수,5380,제주특별자치도,서귀포시,2021-01-05,본인증 교부 전 또는 사용승인 후 1년 이내,공공,
755,가야산국립공원 육각정공중화장실,건축물,본,우수,2896,경상남도,합천군,2021-01-08,2031-01-07,공공,
756,양산시 시나브로복지관,건축물,예비,우수,5389,경상남도,양산시,2021-01-08,본인증 교부 전 또는 사용승인 후 1년 이내,공공,
757,퇴촌 청소년문화센터,건축물,예비,우수,5391,경기도,광주시,2021-01-08,본인증 교부 전 또는 사용승인 후 1년 이내,공공,
758,식품영양복지지원센터,건축물,본,우수,2899,인천광역시,남동구,2021-01-11,2031-01-10,공공,
759,석보면 분회 경로당,건축물,본,우수,2900,경상북도,영양군,2021-01-11,2031-01-10,공공,
760,일월면 분회 경로당,건축물,본,우수,2901,경상북도,영양군,2021-01-11,2031-01-10,공공,
761,도선국사 사상수련관,건축물,예비,우수,5402,전라남도,광양시,2021-01-11,본인증 교부 전 또는 사용승인 후 1년 이내,공공,
762,김포시 양곡지구 주민공동이용시설,건축물,예비,우수,5407,경기도,김포시,2021-01-14,본인증 교부 전 또는 사용승인 후 1년 이내,공공,
763,상생협력상가 및 상생마당,건축물,예비,우수,5411,전라북도,익산시,2021-01-15,본인증 교부 전 또는 사용승인 후 1년 이내,공공,
764,초도중계소,건축물,예비,우수,5431,전라남도,여수시,2021-01-21,본인증 교부 전 또는 사용승인 후 1년 이내,공공,
765,포스코휴먼스 사무동,건축물,본,우수,2926,경상북도,포항시,2021-01-26,2031-01-25,민간,
766,울주군 도시재생지원센터,건축물,예비,우수,5446,울산광역시,울주군,2021-01-27,본인증 교부 전 또는 사용승인 후 1년 이내,공공,
767,임실읍 행복누리원,건축물,예비,우수,5447,전라북도,임실읍,2021-01-27,본인증 교부 전 또는 사용승인 후 1년 이내,공공,
768,도안동 행정복지센터,건축물,예비,우수,5476,대전광역시,서구,2021-02-04,본인증 교부 전 또는 사용승인 후 1년 이내,공공,
769,곰두리어린이집,건축물,본,우수,2950,경기도,양주시,2021-02-05,2031-02-04,공공,
770,내서 어린이체육관,건축물,예비,우수,5479,경상남도,창원시,2021-02-05,본인증 교부 전 또는 사용승인 후 1년 이내,공공,
771,동호항 체험센터 및 마을전시관,건축물,예비,우수,5480,전라북도,고창군,2021-02-05,본인증 교부 전 또는 사용승인 후 1년 이내,공공,
772,계룡 병영체험관,건축물,예비,우수,5485,충청남도,계룡시,2021-02-08,본인증 교부 전 또는 사용승인 후 1년 이내,공공,
773,가야산국립공원 백운분소,건축물,본,우수,2957,경상북도,성주군,2021-02-08,2031-02-07,공공,
774,서울번동3 고령자복지주택 주민복지관,건축물,예비,우수,5495,서울특별시,강북구,2021-02-10,본인증 교부 전 또는 사용승인 후 1년 이내,공공,
775,이팝문화센터,건축물,본,우수,2975,경상남도,양산시,2021-02-10,2031-02-09,공공,
776,진천 덕산 하나 어린이집,건축물,본,우수,2976,충청북도,진천군,2021-02-10,2031-02-09,공공,
777,매포공동복지목욕탕,건축물,본,우수,2978,충청북도,단양군,2021-02-10,2031-02-09,공공,
778,"옥룡 17, 18통 경로당",건축물,본,우수,2979,충청남도,공주시,2021-02-10,2031-02-09,공공,
779,제주 국립산림생태관리센터 사무동,건축물,본,우수,2981,제주특별자치도,서귀포시,2021-02-10,2031-02-09,공공,
780,제주 국립산림생태관리센터 지원동,건축물,본,우수,2982,제주특별자치도,서귀포시,2021-02-10,2031-02-09,공공,
781,봉화 억지춘양시장 공영주차타워,건축물,본,우수,2983,경상북도,봉화군,2021-02-15,2031-02-14,공공,
782,신효경로당,건축물,본,우수,2984,제주특별자치도,서귀포시,2021-02-15,2031-02-14,공공,
783,AI 지원센터,건축물,예비,우수,5522,서울특별시,서초구,2021-02-24,본인증 교부 전 또는 사용승인 후 1년 이내,공공,
784,서초구립 서초3동 하나어린이집,건축물,본,우수,3015,서울특별시,서초구,2021-02-24,2031-02-23,공공,
785,무주군 당산리 공영주차장,건축물,예비,우수,5539,전라북도,무주군,2021-03-03,본인증 교부 전 또는 사용승인 후 1년 이내,공공,
786,군위군 국공립하나어린이집,건축물,예비,우수,5540,경상북도,군위군,2021-03-03,본인증 교부 전 또는 사용승인 후 1년 이내,공공,
787,영주 전통마을체험단지 마을역사자료관,건축물,예비,우수,5541,경상북도,영주시,2021-03-03,본인증 교부 전 또는 사용승인 후 1년 이내,공공,
788,세대통합형 실내놀이문화체육센터,건축물,예비,우수,5551,전라북도,순창군,2021-03-08,본인증 교부 전 또는 사용승인 후 1년 이내,공공,
789,도솔마을 주민커뮤니티마당 조성(주차장),건축물,예비,우수,5552,대전광역시,서구,2021-03-08,본인증 교부 전 또는 사용승인 후 1년 이내,공공,
790,인천 삼산경찰서 부개파출소,건축물,본,우수,3036,인천광역시,부평구,2021-03-08,2031-03-07,공공,
791,완도군 고금면 면사무소,건축물,예비,우수,5562,전라남도,완도군,2021-03-09,본인증 교부 전 또는 사용승인 후 1년 이내,공공,
792,정량천 생태하천 공중화장실-1,건축물,본,우수,3063,경상남도,통영시,2021-03-19,2031-03-18,공공,
793,신월민원센터,건축물,예비,우수,5626,경상남도,창원시,2021-03-30,본인증 교부 전 또는 사용승인 후 1년 이내,공공,
794,낙양동 택시쉼터,건축물,예비,우수,5629,경기도,의정부시,2021-03-31,본인증 교부 전 또는 사용승인 후 1년 이내,공공,
795,동구청소년문화의집,건축물,예비,우수,5630,광주광역시,동구,2021-03-31,본인증 교부 전 또는 사용승인 후 1년 이내,공공,
796,서울제물포터널 유지관리사무소,건축물,예비,우수,5643,서울특별시,양천구,2021-04-05,본인증 교부 전 또는 사용승인 후 1년 이내,공공,
797,김포구래초등학교(가칭 마산서초등학교),건축물,본,우수,3118,경기도,김포시,2021-04-07,2031-04-06,공공,
798,구립신촌어린이집,건축물,예비,우수,5653,서울특별시,서대문구,2021-04-07,본인증 교부 전 또는 사용승인 후 1년 이내,공공,
799,경남시청자미디어센터,건축물,예비,우수,5654,경상남도,창원시,2021-04-07,본인증 교부 전 또는 사용승인 후 1년 이내,공공,
800,고한 복합문화센터,건축물,예비,우수,5656,강원도,정선군,2021-04-08,본인증 교부 전 또는 사용승인 후 1년 이내,공공,
801,중앙공설시장,건축물,본,우수,3133,경기도,성남시,2021-04-13,2031-04-12,공공,
802,교현안림 도시재생뉴딜사업 어울림센터,건축물,예비,우수,5669,충청북도,충주시,2021-04-13,본인증 교부 전 또는 사용승인 후 1년 이내,공공,
803,고흥노인건강복지타운,건축물,예비,우수,5670,전라남도,고흥군,2021-04-13,본인증 교부 전 또는 사용승인 후 1년 이내,공공,
804,걸포3지구 중앙공원 관리사무소,건축물,본,우수,3140,경기도,김포시,2021-04-14,2031-04-13,공공,
805,조암시장 내 공중화장실,건축물,예비,우수,5683,경기도,화성시,2021-04-19,본인증 교부 전 또는 사용승인 후 1년 이내,공공,
806,정관읍 복지회관,건축물,본,우수,3164,부산광역시,기장군,2021-04-21,2031-04-20,공공,
807,신안군 생태교육원 교육시설,건축물,예비,우수,5726,전라남도,신안군,2021-04-29,본인증 교부 전 또는 사용승인 후 1년 이내,공공,
808,인천송담초등학교,건축물,본,우수,3186,인천광역시,연수구,2021-04-30,2031-04-29,공공,
809,탑정호 출렁다리 다목적관리사무소,건축물,본,우수,3198,충청남도,논산시,2021-05-04,2031-05-03,공공,
810,고흥푸른꿈유치원 학교공간혁신 조성공사,건축물,예비,우수,5736,전라남도,고흥군,2021-05-04,본인증 교부 전 또는 사용승인 후 1년 이내,공공,
811,교동 도시재생거점센터,건축물,예비,우수,5737,경기도,수원시,2021-05-04,본인증 교부 전 또는 사용승인 후 1년 이내,공공,
812,진접 청소년 문화의집,건축물,예비,우수,5739,경기도,남양주시,2021-05-06,본인증 교부 전 또는 사용승인 후 1년 이내,공공,
813,반여3동 중앙 공영주차장,건축물,예비,우수,5761,부산광역시,해운대구,2021-05-13,본인증 교부 전 또는 사용승인 후 1년 이내,공공,
814,여수 안전체험교육장,건축물,예비,우수,5763,전라남도,여수시,2021-05-13,본인증 교부 전 또는 사용승인 후 1년 이내,공공,
815,울산북부경찰서,건축물,본,우수,3219,울산광역시,북구,2021-05-14,2031-05-13,공공,
816,무안군 보건소,건축물,예비,우수,3767,전라남도,무안군,2021-05-14,본인증 교부 전 또는 사용승인 후 1년 이내,공공,
817,세곡동 은곡경로당,건축물,예비,우수,3768,서울특별시,강남구,2021-05-14,본인증 교부 전 또는 사용승인 후 1년 이내,공공,
818,분천 산타마을 조성사업(상가동),건축물,예비,우수,3769,경상북도,봉화군,2021-05-14,본인증 교부 전 또는 사용승인 후 1년 이내,공공,
819,망미공원 공중화장실,건축물,예비,우수,5798,경상북도,영양군,2021-05-24,본인증 교부 전 또는 사용승인 후 1년 이내,공공,
820,창원감계집배센터,건축물,예비,우수,5817,경상남도,창원시,2021-05-28,본인증 교부 전 또는 사용승인 후 1년 이내,공공,
821,(가칭)탕정5초등학교 교사,건축물,예비,우수,5818,충청남도,아산시,2021-05-28,본인증 교부 전 또는 사용승인 후 1년 이내,공공,
822,서귀포시 공립 치매주간보호시설,건축물,예비,우수,5824,제주특별자치도,서귀포시,2021-05-31,본인증 교부 전 또는 사용승인 후 1년 이내,공공,
823,연동 인근 경로당,건축물,본,우수,3267,전라남도,목포시,2021-06-01,2031-05-31,공공,
824,동광동 주민센터,건축물,예비,우수,5831,부산광역시,중구,2021-06-01,본인증 교부 전 또는 사용승인 후 1년 이내,공공,
825,북내 실내복합체육관,건축물,본,우수,3268,경기도,여주시,2021-06-01,2031-05-31,공공,
826,금마도서관,건축물,본,우수,3269,전라북도,익산시,2021-06-01,2031-05-31,공공,
827,부개2동 하나어린이집,건축물,본,우수,3272,인천광역시,부평구,2021-06-02,2031-06-01,공공,
828,제정구 커뮤니티센터,건축물,본,우수,3273,경상남도,고성군,2021-06-02,2031-06-01,공공,
829,구암1동 제3경로당,건축물,본,우수,3277,경상남도,창원시,2021-06-03,2031-06-02,공공,
830,장수군 서울농장,건축물,예비,우수,5834,전라북도,장수군,2021-06-03,본인증 교부 전 또는 사용승인 후 1년 이내,공공,
831,예산1100년 기념관,건축물,예비,우수,5835,충청남도,예산군,2021-06-03,본인증 교부 전 또는 사용승인 후 1년 이내,공공,
832,철원군 꽃지센터 및 꽃지동산,건축물,예비,우수,5846,강원도,철원군,2021-06-04,본인증 교부 전 또는 사용승인 후 1년 이내,공공,
833,서천 기벌포 복합문화센터,건축물,예비,우수,5847,충청남도,서천군,2021-06-04,본인증 교부 전 또는 사용승인 후 1년 이내,공공,
834,마천면 공중목욕탕,건축물,예비,우수,5849,경상남도,함양군,2021-06-04,본인증 교부 전 또는 사용승인 후 1년 이내,공공,
835,서상면 공중목욕탕,건축물,예비,우수,5850,경상남도,함양군,2021-06-04,본인증 교부 전 또는 사용승인 후 1년 이내,공공,
836,목천 주민자치센터,건축물,본,우수,3279,충청남도,천안시,2021-06-04,2031-06-03,공공,
837,수원시 고렴공원 화장실,건축물,예비,우수,5856,경기도,수원시,2021-06-07,본인증 교부 전 또는 사용승인 후 1년 이내,공공,
838,추자면 종합복지회관,건축물,본,우수,3293,제주특별자치도,제주시,2021-06-09,2031-06-08,공공,
839,우성면 귀산보건진료소,건축물,본,우수,3300,충청남도,공주시,2021-06-10,2031-06-09,공공,
840,수원시 정자지구 공원관리소,건축물,예비,우수,5870,경기도,수원시,2021-06-10,본인증 교부 전 또는 사용승인 후 1년 이내,공공,
841,노형청소년문화의집,건축물,예비,우수,5871,제주특별자치도,제주시,2021-06-10,본인증 교부 전 또는 사용승인 후 1년 이내,공공,
842,산성동 장수경로당,건축물,예비,우수,5872,경기도,성남시,2021-06-10,본인증 교부 전 또는 사용승인 후 1년 이내,공공,
843,금산 상리지구 공영주차타워,건축물,본,우수,3306,충청남도,금산군,2021-06-11,2031-06-10,공공,
844,세류2동 현대경로당,건축물,예비,우수,5878,경기도,수원시,2021-06-14,본인증 교부 전 또는 사용승인 후 1년 이내,공공,
845,구서2동 행정복지센터,건축물,예비,우수,5879,부산광역시,금정구,2021-06-14,본인증 교부 전 또는 사용승인 후 1년 이내,공공,
846,서울강서경찰서 화곡3파출소,건축물,예비,우수,5880,서울특별시,강서구,2021-06-14,본인증 교부 전 또는 사용승인 후 1년 이내,공공,
847,해남군 화원면 공중화장실,건축물,예비,우수,5901,전라남도,해남군,2021-06-21,본인증 교부 전 또는 사용승인 후 1년 이내,공공,
848,백석 산림공원(봉서산)조성사업 화장실,건축물,예비,우수,5902,충청남도,천안시,2021-06-21,본인증 교부 전 또는 사용승인 후 1년 이내,공공,
849,근로복지공단 마포어린이집,건축물,본,일반,3323,서울특별시,마포구,2021-06-21,2031-06-20,공공,
850,정량천 생태하천 공중화장실-2,건축물,본,우수,3324,경상남도,통영시,2021-06-21,2031-06-20,공공,
851,광주광역시 발달장애인 특화사업장,건축물,예비,우수,5908,광주광역시,광산구,2021-06-21,본인증 교부 전 또는 사용승인 후 1년 이내,공공,
852,해반천 공중화장실,건축물,본,우수,3335,경상남도,김해시,2021-06-23,2031-06-22,공공,
853,상생협력플랫폼 조성사업,건축물,예비,우수,5918,부산광역시,수영구,2021-06-24,본인증 교부 전 또는 사용승인 후 1년 이내,공공,
854,남동논현도서관,건축물,본,우수,3343,인천광역시,남동구,2021-06-25,2031-06-24,공공,
855,파주시 문산청소년수련관(증축동),건축물,예비,우수,5929,경기도,파주시,2021-06-25,본인증 교부 전 또는 사용승인 후 1년 이내,공공,
856,율빛초등학교(옥정10초),건축물,본,우수,3345,경기도,양주시,2021-06-25,2031-06-24,공공,
857,상생협력상가 조성사업(북부지구),건축물,예비,우수,5931,경상남도,양산시,2021-06-25,본인증 교부 전 또는 사용승인 후 1년 이내,공공,
858,부여군 노인회관,건축물,본,우수,3347,충청남도,부여군,2021-06-28,2031-06-27,공공,
859,서울 사진미술관,건축물,예비,우수,5940,서울특별시,도봉구,2021-06-29,본인증 교부 전 또는 사용승인 후 1년 이내,공공,
860,고성군립간성도서관,건축물,예비,우수,5941,강원도,고성군,2021-06-29,본인증 교부 전 또는 사용승인 후 1년 이내,공공,
861,안덕보건지소 증축동,건축물,본,우수,3357,제주특별자치도,서귀포시,2021-06-29,2031-06-28,공공,
862,기장군 노인회관,건축물,본,우수,3365,부산광역시,기장군,2021-07-01,2031-06-30,공공,
863,법환 경로당,건축물,본,우수,3366,제주특별자치도,서귀포시,2021-07-01,2031-06-30,공공,
864,금산읍 보건진료소,건축물,예비,우수,5957,충청남도,금산군,2021-07-02,본인증 교부 전 또는 사용승인 후 1년 이내,공공,
865,진도소방서,건축물,예비,우수,5995,전라남도,진도군,2021-07-12,본인증 교부 전 또는 사용승인 후 1년 이내,공공,
866,진례면 생활체육관,건축물,본,우수,3398,경상남도,김해시,2021-07-15,2031-07-14,공공,
867,충청북도 도로관리사업소 청사,건축물,예비,우수,6005,충청북도,청주시,2021-07-15,본인증 교부 전 또는 사용승인 후 1년 이내,공공,
868,안의면 장애인 목욕탕,건축물,예비,우수,6006,경상남도,함양군,2021-07-15,본인증 교부 전 또는 사용승인 후 1년 이내,공공,
869,유성실버복지센터,건축물,본,우수,3410,대전광역시,유성구,2021-07-20,2031-07-19,공공,
870,봉동5구 경로당,건축물,본,우수,3437,전라남도,구례군,2021-07-30,2031-07-29,공공,
871,울주군 언양도시재생 키움센터,건축물,본,우수,3438,울산광역시,울주군,2021-08-02,2031-08-01,공공,
872,합덕제 농어촌테마공원 샤워실,건축물,본,우수,3443,충청남도,당진시,2021-08-03,2031-08-02,공공,
873,미래교육테마파크,건축물,예비,우수,6068,경상남도,의령군,2021-08-03,본인증 교부 전 또는 사용승인 후 1년 이내,공공,
874,통영시가족지원센터,건축물,예비,우수,6081,경상남도,통영시,2021-08-06,본인증 교부 전 또는 사용승인 후 1년 이내,공공,
875,신안군 임자면 공립형 지역아동센터,건축물,본,우수,3453,전라남도,신안군,2021-08-11,2031-08-10,공공,
876,문경시 세대공감 어울림센터,건축물,예비,우수,6109,경상북도,문경시,2021-08-13,본인증 교부 전 또는 사용승인 후 1년 이내,공공,
877,강동하나어린이집,건축물,본,우수,3463,울산광역시,북구,2021-08-19,2031-08-18,공공,
878,황계복지센터,건축물,예비,우수,6130,경기도,화성시,2021-08-19,본인증 교부 전 또는 사용승인 후 1년 이내,공공,
879,천안제2일반산업단지 복합센터,건축물,예비,우수,6131,충청남도,천안시,2021-08-19,본인증 교부 전 또는 사용승인 후 1년 이내,공공,
880,용호동 마을플랫폼,건축물,예비,우수,6134,부산광역시,남구,2021-08-19,본인증 교부 전 또는 사용승인 후 1년 이내,공공,
881,조암시장 내 공중화장실,건축물,본,우수,3475,경기도,화성시,2021-08-23,2031-08-22,공공,
882,원주경찰서 지정지구대,건축물,예비,우수,6140,강원도,원주시,2021-08-23,본인증 교부 전 또는 사용승인 후 1년 이내,공공,
883,땅뫼산 산책로변 공중화장실,건축물,예비,우수,6163,부산광역시,금정구,2021-08-30,본인증 교부 전 또는 사용승인 후 1년 이내,공공,
884,경주안강 고령자복지주택 사회복지시설,건축물,예비,우수,6181,경상북도,경주시,2021-09-02,본인증 교부 전 또는 사용승인 후 1년 이내,민간,
885,고등동 행정복지센터,건축물,본,우수,3501,경기도,수원시,2021-09-02,2031-09-01,공공,
886,산울림공원 화장실,건축물,예비,우수,6191,경기도,수원시,2021-09-07,본인증 교부 전 또는 사용승인 후 1년 이내,공공,
887,동부전통시장 주차환경개선사업,건축물,예비,우수,6192,충청남도,서산시,2021-09-07,본인증 교부 전 또는 사용승인 후 1년 이내,공공,
888,공산성 어울림센터 조성사업,건축물,예비,우수,6193,충청남도,공주시,2021-09-07,본인증 교부 전 또는 사용승인 후 1년 이내,공공,
889,진산면 체육센터,건축물,본,우수,3512,충청남도,금산군,2021-09-07,2031-09-06,공공,
890,금산군청 직장어린이집,건축물,예비,우수,6203,충청남도,금산군,2021-09-09,본인증 교부 전 또는 사용승인 후 1년 이내,공공,
891,경기경찰청 남양주북부경찰서,건축물,본,우수,3517,경기도,남양주시,2021-09-09,2031-09-08,공공,
892,아트 뮤지엄 벗이,건축물,본,우수,3530,경기도,용인시,2021-09-15,2031-09-14,민간,
893,보령 배드민턴구장 건립사업,건축물,예비,우수,6236,충청남도,보령시,2021-09-16,본인증 교부 전 또는 사용승인 후 1년 이내,공공,
894,안양 연현 공원관리사무소,건축물,예비,우수,6237,경기도,안양시,2021-09-16,본인증 교부 전 또는 사용승인 후 1년 이내,공공,
895,커뮤니티 거점 조성 및 사회적 경제 종합지원센터,건축물,본,우수,3536,충청남도,아산시,2021-09-17,2031-09-16,공공,
896,개금3동 행복문화센터,건축물,본,우수,3546,부산광역시,부산진구,2021-09-27,2031-09-26,공공,
897,어린이테마공원 및 지하주차장 등 복합시설,건축물,예비,우수,6293,경상북도,영주시,2021-10-06,본인증 교부 전 또는 사용승인 후 1년 이내,공공,
898,쌍문2동 주민센터,건축물,예비,우수,6298,서울특별시,도봉구,2021-10-07,본인증 교부 전 또는 사용승인 후 1년 이내,공공,
899,생태문화도서관,건축물,본,우수,3598,서울특별시,도봉구,2021-10-15,2031-10-14,공공,
900,"화성 함백산추모공원(장례식장, 화장장, 봉안당)",건축물,본,우수,3599,경기도,화성시,2021-10-15,2031-10-14,공공,
901,남해군 해양낚시공원 조성사업(화전지구),건축물,예비,우수,6324,경상남도,남해군,2021-10-15,본인증 교부 전 또는 사용승인 후 1년 이내,공공,
902,탄광지역 통합관광지원센터,건축물,본,우수,3621,강원도,영월군,2021-10-26,2031-10-25,공공,
903,포항남부경찰서 제철파출소,건축물,본,우수,3626,경상북도,포항시,2021-10-28,2031-10-27,공공,
904,반디문화센터,건축물,본,우수,3629,부산광역시,해운대구,2021-10-29,2031-10-28,공공,
905,운호마을 공중화장실,건축물,본,우수,3630,전라북도,부안군,2021-10-29,2031-10-28,공공,
906,삼척 국민체육문화센터,건축물,예비,우수,6370,강원도,삼척시,2021-10-29,본인증 교부 전 또는 사용승인 후 1년 이내,공공,
907,인구지킴이 민관공동체 대응센터,건축물,본,우수,3646,경상북도,영양군,2021-11-08,2031-11-07,공공,
908,양주경찰서 옥정지구대,건축물,본,우수,3647,경기도,양주시,2021-11-08,2031-11-07,공공,
909,남해각 공중화장실,건축물,본,우수,3648,경상남도,남해군,2021-11-08,2031-11-07,공공,
910,고양경찰서 도래울지구대,건축물,본,우수,3672,경기도,고양시,2021-11-16,2031-11-15,공공,
911,부여 송국리유적 정비 중 화장실,건축물,본,우수,3673,충청남도,부여군,2021-11-16,2031-11-15,공공,
912,유성구 반다비체육센터,건축물,예비,우수,6442,대전광역시,유성구,2021-11-23,본인증 교부 전 또는 사용승인 후 1년 이내,공공,
913,전남 장흥 대덕보건지소,건축물,예비,우수,6444,전라남도,장흥군,2021-11-24,본인증 교부 전 또는 사용승인 후 1년 이내,공공,
914,완도군 청사 사무실,건축물,예비,우수,6460,전라남도,완도군,2021-11-29,본인증 교부 전 또는 사용승인 후 1년 이내,공공,
915,영광 송이도 공중화장실 및 대기실,건축물,예비,우수,6461,전라남도,영광군,2021-11-29,본인증 교부 전 또는 사용승인 후 1년 이내,공공,
916,양구군 DMZ 경제순환센터,건축물,본,우수,3712,강원도,양구군,2021-11-30,2031-11-29,공공,
917,"묵호덕장마을 문화관광자원화 사업 “문화팩토리, 덕장”",건축물,본,우수,3713,강원도,동해시,2021-11-30,2031-11-29,공공,
918,남해군 해양낚시공원 조성사업(갈화지구),건축물,예비,우수,6482,경상남도,남해군,2021-12-02,본인증 교부 전 또는 사용승인 후 1년 이내,공공,
919,대천항 주차타워,건축물,예비,우수,6483,충청남도,보령시,2021-12-02,본인증 교부 전 또는 사용승인 후 1년 이내,공공,
920,내수전 경로당,건축물,본,우수,3721,경상북도,울릉군,2021-12-03,2031-12-02,공공,
921,다산한강유치원,건축물,본,우수,3722,경기도,남양주시,2021-12-03,2031-12-02,공공,
922,우수영 5일시장 복합광장,건축물,본,우수,3728,전라남도,해남군,2021-12-03,2031-12-02,공공,
923,서귀포시 보목노인회관,건축물,예비,우수,6487,제주특별자치도,서귀포시,2021-12-03,본인증 교부 전 또는 사용승인 후 1년 이내,공공,
924,제주시 조천읍 함덕리 4168번지 경로당,건축물,예비,우수,6489,제주특별자치도,제주시,2021-12-03,본인증 교부 전 또는 사용승인 후 1년 이내,공공,
925,"진주평거 고령자복지주택 사회복지시설, 어린이집",건축물,예비,일반,6491,경상남도,진주시,2021-12-03,본인증 교부 전 또는 사용승인 후 1년 이내,공공,
926,서부권 로컬푸드 직매장,건축물,본,우수,3738,전라북도,익산시,2021-12-08,2031-12-07,공공,
927,서귀중앙초 병설유치원 증축공사,건축물,본,우수,3744,제주특별자치도,서귀포시,2021-12-10,2031-12-09,공공,
928,강화군 지혜의 숲 도서관,건축물,본,우수,3758,인천광역시,강화군,2021-12-14,2031-12-13,공공,
929,군위군 군위군립 하나어린이집,건축물,본,우수,3759,경상북도,군위군,2021-12-14,2031-12-13,공공,
930,위례송하유치원,건축물,본,우수,3771,경기도,하남시,2021-12-15,2031-12-14,공공,
931,용인 보훈회관,건축물,예비,우수,6530,경기도,용인시,2021-12-16,본인증 교부 전 또는 사용승인 후 1년 이내,공공,
932,시민봉사자지원센터 및 장애인회관,건축물,본,우수,3790,충청남도,당진시,2021-12-17,2031-12-16,공공,
933,인천미추홀경찰서 숭의지구대,건축물,본,우수,3791,인천광역시,미추홀구,2021-12-17,2031-12-16,공공,
934,청양청정산채 가공센터,건축물,예비,우수,6539,충청남도,청양군,2021-12-17,본인증 교부 전 또는 사용승인 후 1년 이내,공공,
935,진해구 석동행정복지센터,건축물,예비,우수,6540,경상남도,창원시,2021-12-17,본인증 교부 전 또는 사용승인 후 1년 이내,공공,
936,안좌 갯벌도립공원 퍼플섬 탐방로 공중화장실,건축물,예비,우수,6541,전라남도,신안군,2021-12-17,본인증 교부 전 또는 사용승인 후 1년 이내,공공,
937,공주시 노인회관,건축물,본,우수,3805,충청남도,공주시,2021-12-21,2031-12-20,공공,
938,해남읍 5일시장 주차장,건축물,예비,우수,6552,전라남도,해남군,2021-12-21,본인증 교부 전 또는 사용승인 후 1년 이내,공공,
939,산양삼 특화사업 진흥센터,건축물,예비,우수,6553,경상남도,함양군,2021-12-21,본인증 교부 전 또는 사용승인 후 1년 이내,공공,
940,송파 구립 거여하나어린이집,건축물,본,우수,3806,서울특별시,송파구,2021-12-22,2031-12-21,공공,
941,서원주 건강생활지원센터,건축물,본,우수,3807,강원도,원주시,2021-12-22,2031-12-21,공공,
942,충주시 농촌신활력플러스 커뮤니티 유통센터,건축물,예비,우수,6557,충청북도,충주시,2021-12-22,본인증 교부 전 또는 사용승인 후 1년 이내,공공,
943,파주 운정 다목적체육관,건축물,본,우수,3814,경기도,파주시,2021-12-22,2031-12-21,공공,
944,부안 마실 공영주차장,건축물,본,우수,3815,전라북도,부안군,2021-12-22,2031-12-21,공공,
945,당진시 한진포구 어촌 뉴딜사업 한진복합센터,건축물,예비,우수,6574,충청남도,당진시,2021-12-23,본인증 교부 전 또는 사용승인 후 1년 이내,공공,
946,서울제물포터널 유지관리사무소,건축물,본,우수,3826,서울특별시,양천구,2021-12-24,2031-12-23,공공,
947,순창 실내야구연습장,건축물,본,우수,3827,전라북도,순창군,2021-12-24,2031-12-23,공공,
948,오산경찰서 중앙파출소,건축물,본,우수,3837,경기도,오산시,2021-12-27,2031-12-26,공공,
949,송부동 행정복지센터,건축물,본,우수,3838,경기도,군포시,2021-12-27,2031-12-26,공공,
950,상하화보건진료소,건축물,본,우수,3858,전라남도,여수시,2021-12-30,2031-12-29,공공,
951,국공립 중흥하나어린이집,건축물,본,우수,3859,광주광역시,북구,2021-12-30,2031-12-29,공공,
952,삼척 생활문화체육공원 축구장 본부석,건축물,예비,우수,6608,강원도,삼척시,2021-12-30,본인증 교부 전 또는 사용승인 후 1년 이내,공공,
